{"cameraMode":{"drawMode":0,"name":"Shaded","section":"Shading Mode"},"sceneLighting":true,"audioPlay":false,"sceneViewState":{"showFog":true,"showMaterialUpdate":false,"showSkybox":true,"showFlares":true,"showImageEffects":true,"showParticleSystems":true},"in2DMode":false,"pivot":{"x":91.23644256591797,"y":130.8718719482422,"z":179.4906005859375},"rotation":{"x":-0.30035239458084109,"y":-0.20061160624027253,"z":0.06477279216051102,"w":-0.9302408695220947},"size":173.44369506835938,"orthographic":true}