{"cameraMode":{"drawMode":0,"name":"Shaded","section":"Shading Mode"},"sceneLighting":false,"audioPlay":false,"sceneViewState":{"showFog":true,"showMaterialUpdate":false,"showSkybox":false,"showFlares":true,"showImageEffects":true,"showParticleSystems":true},"in2DMode":false,"pivot":{"x":-0.05863523483276367,"y":1.3999993801116944,"z":1.999999761581421},"rotation":{"x":0.2088714838027954,"y":-0.6322055459022522,"z":0.18257100880146027,"w":0.7234540581703186},"size":9.528640747070313,"orthographic":true}