{"cameraMode":{"drawMode":0,"name":"Shaded","section":"Shading Mode"},"sceneLighting":false,"audioPlay":false,"sceneViewState":{"showFog":true,"showMaterialUpdate":false,"showSkybox":false,"showFlares":true,"showImageEffects":true,"showParticleSystems":true},"in2DMode":false,"pivot":{"x":0.023985683917999269,"y":0.37410464882850649,"z":0.0},"rotation":{"x":0.36074379086494448,"y":0.48007866740226748,"z":-0.22829069197177888,"w":0.7665306329727173},"size":1.6068778038024903,"orthographic":true}