{"cameraMode":{"drawMode":0,"name":"Shaded","section":"Shading Mode"},"sceneLighting":false,"audioPlay":false,"sceneViewState":{"showFog":true,"showMaterialUpdate":false,"showSkybox":false,"showFlares":true,"showImageEffects":true,"showParticleSystems":true},"in2DMode":false,"pivot":{"x":0.0,"y":0.7421833276748657,"z":0.11129775643348694},"rotation":{"x":-0.06030227988958359,"y":-0.8844561576843262,"z":0.12367816269397736,"w":-0.44620028138160708},"size":2.9442944526672365,"orthographic":true}