{"cameraMode":{"drawMode":0,"name":"Shaded","section":"Shading Mode"},"sceneLighting":false,"audioPlay":false,"sceneViewState":{"showFog":true,"showMaterialUpdate":false,"showSkybox":false,"showFlares":true,"showImageEffects":true,"showParticleSystems":true},"in2DMode":false,"pivot":{"x":-0.7749998569488525,"y":0.4999999403953552,"z":-0.7749998569488525},"rotation":{"x":0.21088334918022157,"y":-0.09921200573444367,"z":0.021550772711634637,"w":0.9722400903701782},"size":8.446484565734864,"orthographic":true}