{"cameraMode":{"drawMode":0,"name":"Shaded","section":"Shading Mode"},"sceneLighting":false,"audioPlay":false,"sceneViewState":{"showFog":true,"showMaterialUpdate":false,"showSkybox":false,"showFlares":true,"showImageEffects":true,"showParticleSystems":true},"in2DMode":false,"pivot":{"x":1.0,"y":0.9098597168922424,"z":0.009814538061618805},"rotation":{"x":-0.005955701693892479,"y":-0.987826406955719,"z":0.05369075760245323,"w":-0.14686915278434754},"size":2.6343283653259279,"orthographic":true}