{"cameraMode":{"drawMode":0,"name":"Shaded","section":"Shading Mode"},"sceneLighting":false,"audioPlay":false,"sceneViewState":{"showFog":true,"showMaterialUpdate":false,"showSkybox":false,"showFlares":true,"showImageEffects":true,"showParticleSystems":true},"in2DMode":false,"pivot":{"x":-6.528892517089844,"y":2.1958670616149904,"z":5.610408306121826},"rotation":{"x":0.47949621081352236,"y":-0.12725120782852174,"z":0.06817559897899628,"w":0.8657554388046265},"size":5.7683868408203129,"orthographic":true}