{"cameraMode":{"drawMode":0,"name":"Shaded","section":"Shading Mode"},"sceneLighting":false,"audioPlay":false,"sceneViewState":{"showFog":true,"showMaterialUpdate":false,"showSkybox":false,"showFlares":true,"showImageEffects":true,"showParticleSystems":true},"in2DMode":false,"pivot":{"x":1.7589998245239258,"y":2.314800262451172,"z":1.5869998931884766},"rotation":{"x":-0.0028722079005092384,"y":0.9704151749610901,"z":-0.2411818653345108,"w":-0.01165497675538063},"size":40.010372161865237,"orthographic":true}