{"cameraMode":{"drawMode":0,"name":"Shaded","section":"Shading Mode"},"sceneLighting":false,"audioPlay":false,"sceneViewState":{"showFog":true,"showMaterialUpdate":false,"showSkybox":false,"showFlares":true,"showImageEffects":true,"showParticleSystems":true},"in2DMode":false,"pivot":{"x":-0.12934482097625733,"y":1.0419663190841675,"z":1.200600504875183},"rotation":{"x":-0.02122185379266739,"y":0.9175313711166382,"z":-0.3948896825313568,"w":-0.045200031250715259},"size":8.122817039489746,"orthographic":true}