{"cameraMode":{"drawMode":0,"name":"Shaded","section":"Shading Mode"},"sceneLighting":false,"audioPlay":false,"sceneViewState":{"showFog":true,"showMaterialUpdate":false,"showSkybox":false,"showFlares":true,"showImageEffects":true,"showParticleSystems":true},"in2DMode":false,"pivot":{"x":0.002319633960723877,"y":0.09195826947689057,"z":0.04295767843723297},"rotation":{"x":-0.11932510882616043,"y":0.7605774998664856,"z":-0.1432523876428604,"w":-0.6221399307250977},"size":0.7657650709152222,"orthographic":true}