{"cameraMode":{"drawMode":0,"name":"Shaded","section":"Shading Mode"},"sceneLighting":false,"audioPlay":false,"sceneViewState":{"showFog":true,"showMaterialUpdate":false,"showSkybox":false,"showFlares":true,"showImageEffects":true,"showParticleSystems":true},"in2DMode":false,"pivot":{"x":0.0017796158790588379,"y":0.3581736981868744,"z":-0.0027122199535369875},"rotation":{"x":0.09914248436689377,"y":-0.9006108641624451,"z":0.3322315514087677,"w":0.2626460790634155},"size":1.5073466300964356,"orthographic":true}