{"cameraMode":{"drawMode":0,"name":"Shaded","section":"Shading Mode"},"sceneLighting":false,"audioPlay":false,"sceneViewState":{"showFog":true,"showMaterialUpdate":false,"showSkybox":false,"showFlares":true,"showImageEffects":true,"showParticleSystems":true},"in2DMode":false,"pivot":{"x":-0.01242569088935852,"y":0.37508493661880495,"z":5.960464477539063e-8},"rotation":{"x":-0.03554496914148331,"y":0.9488438367843628,"z":-0.2948678731918335,"w":-0.10852935165166855},"size":2.5813026428222658,"orthographic":true}