{"cameraMode":{"drawMode":0,"name":"Shaded","section":"Shading Mode"},"sceneLighting":false,"audioPlay":false,"sceneViewState":{"showFog":true,"showMaterialUpdate":false,"showSkybox":false,"showFlares":true,"showImageEffects":true,"showParticleSystems":true},"in2DMode":false,"pivot":{"x":0.0,"y":0.10000002384185791,"z":-2.499999523162842},"rotation":{"x":0.2088714838027954,"y":-0.6322055459022522,"z":0.18257100880146027,"w":0.7234540581703186},"size":11.04884147644043,"orthographic":true}