{"cameraMode":{"drawMode":0,"name":"Shaded","section":"Shading Mode"},"sceneLighting":false,"audioPlay":false,"sceneViewState":{"showFog":true,"showMaterialUpdate":false,"showSkybox":false,"showFlares":true,"showImageEffects":true,"showParticleSystems":true},"in2DMode":false,"pivot":{"x":-0.0797605812549591,"y":-0.09905555844306946,"z":0.00969889760017395},"rotation":{"x":0.02323630265891552,"y":-0.9674937725067139,"z":0.2366064190864563,"w":0.08789797872304917},"size":0.5790113806724548,"orthographic":true}