{"cameraMode":{"drawMode":0,"name":"Shaded","section":"Shading Mode"},"sceneLighting":false,"audioPlay":false,"sceneViewState":{"showFog":true,"showMaterialUpdate":false,"showSkybox":false,"showFlares":true,"showImageEffects":true,"showParticleSystems":true},"in2DMode":false,"pivot":{"x":-0.0004482269287109375,"y":0.0794999971985817,"z":-15.060504913330079},"rotation":{"x":-0.0028722079005092384,"y":0.9704151749610901,"z":-0.2411818653345108,"w":-0.01165497675538063},"size":111.30628967285156,"orthographic":true}