{"cameraMode":{"drawMode":0,"name":"Shaded","section":"Shading Mode"},"sceneLighting":false,"audioPlay":false,"sceneViewState":{"showFog":true,"showMaterialUpdate":false,"showSkybox":false,"showFlares":true,"showImageEffects":true,"showParticleSystems":true},"in2DMode":false,"pivot":{"x":-0.04149966686964035,"y":-0.00013979780487716198,"z":-0.10654572397470474},"rotation":{"x":0.03232961520552635,"y":-0.9387165307998657,"z":0.3324460983276367,"w":0.0868959054350853},"size":0.24574905633926392,"orthographic":true}