{"cameraMode":{"drawMode":0,"name":"Shaded","section":"Shading Mode"},"sceneLighting":false,"audioPlay":false,"sceneViewState":{"showFog":true,"showMaterialUpdate":false,"showSkybox":false,"showFlares":true,"showImageEffects":true,"showParticleSystems":true},"in2DMode":false,"pivot":{"x":-0.011605620384216309,"y":0.37729841470718386,"z":-0.0052297115325927738},"rotation":{"x":-0.29725104570388796,"y":-0.4500381648540497,"z":0.16435731947422028,"w":-0.8260679841041565},"size":1.7201189994812012,"orthographic":true}