{"cameraMode":{"drawMode":0,"name":"Shaded","section":"Shading Mode"},"sceneLighting":false,"audioPlay":false,"sceneViewState":{"showFog":true,"showMaterialUpdate":false,"showSkybox":false,"showFlares":true,"showImageEffects":true,"showParticleSystems":true},"in2DMode":false,"pivot":{"x":-1.0848222970962525,"y":2.0947251319885256,"z":5.60761022567749},"rotation":{"x":0.06579578667879105,"y":-0.9267460107803345,"z":0.32169094681739809,"w":0.18334870040416718},"size":1.5677731037139893,"orthographic":true}