{"cameraMode":{"drawMode":0,"name":"Shaded","section":"Shading Mode"},"sceneLighting":false,"audioPlay":false,"sceneViewState":{"showFog":true,"showMaterialUpdate":false,"showSkybox":false,"showFlares":true,"showImageEffects":true,"showParticleSystems":true},"in2DMode":false,"pivot":{"x":0.00001996755599975586,"y":0.24203531444072724,"z":0.11218854784965515},"rotation":{"x":0.044259633868932727,"y":-0.9569888710975647,"z":0.18111248314380647,"w":0.2229500263929367},"size":1.0878732204437256,"orthographic":true}