{"cameraMode":{"drawMode":0,"name":"Shaded","section":"Shading Mode"},"sceneLighting":false,"audioPlay":false,"sceneViewState":{"showFog":true,"showMaterialUpdate":false,"showSkybox":false,"showFlares":true,"showImageEffects":true,"showParticleSystems":true},"in2DMode":false,"pivot":{"x":0.1335233896970749,"y":-0.0532875657081604,"z":0.02623206377029419},"rotation":{"x":-0.36728036403656008,"y":-0.625899612903595,"z":0.5340204834938049,"w":-0.4341309368610382},"size":2.156949758529663,"orthographic":true}