{"cameraMode":{"drawMode":0,"name":"Shaded","section":"Shading Mode"},"sceneLighting":false,"audioPlay":false,"sceneViewState":{"showFog":true,"showMaterialUpdate":false,"showSkybox":false,"showFlares":true,"showImageEffects":true,"showParticleSystems":true},"in2DMode":false,"pivot":{"x":-0.9999997615814209,"y":0.09999998658895493,"z":0.0},"rotation":{"x":0.2088714838027954,"y":-0.6322055459022522,"z":0.18257100880146027,"w":0.7234540581703186},"size":7.386399269104004,"orthographic":true}