{"cameraMode":{"drawMode":0,"name":"Shaded","section":"Shading Mode"},"sceneLighting":false,"audioPlay":false,"sceneViewState":{"showFog":true,"showMaterialUpdate":false,"showSkybox":false,"showFlares":true,"showImageEffects":true,"showParticleSystems":true},"in2DMode":false,"pivot":{"x":1.862645149230957e-9,"y":0.04818832501769066,"z":-7.450580596923828e-9},"rotation":{"x":-0.02836088463664055,"y":0.8977976441383362,"z":0.05455922335386276,"w":0.43643075227737429},"size":0.16928856074810029,"orthographic":true}