{"cameraMode":{"drawMode":0,"name":"Shaded","section":"Shading Mode"},"sceneLighting":false,"audioPlay":false,"sceneViewState":{"showFog":true,"showMaterialUpdate":false,"showSkybox":false,"showFlares":true,"showImageEffects":true,"showParticleSystems":true},"in2DMode":false,"pivot":{"x":1.4901161193847657e-8,"y":0.006374000571668148,"z":0.0},"rotation":{"x":-0.1010727509856224,"y":0.8907648921012878,"z":-0.37518206238746645,"w":-0.23633813858032227},"size":0.5717132687568665,"orthographic":true}