{"cameraMode":{"drawMode":0,"name":"Shaded","section":"Shading Mode"},"sceneLighting":false,"audioPlay":false,"sceneViewState":{"showFog":true,"showMaterialUpdate":false,"showSkybox":false,"showFlares":true,"showImageEffects":true,"showParticleSystems":true},"in2DMode":false,"pivot":{"x":-0.9999998807907105,"y":1.4999996423721314,"z":-0.2679542005062103},"rotation":{"x":0.17711679637432099,"y":0.06235513463616371,"z":-0.012986850924789906,"w":0.9822871685028076},"size":9.250428199768067,"orthographic":true}