{"cameraMode":{"drawMode":0,"name":"Shaded","section":"Shading Mode"},"sceneLighting":false,"audioPlay":false,"sceneViewState":{"showFog":true,"showMaterialUpdate":false,"showSkybox":false,"showFlares":true,"showImageEffects":true,"showParticleSystems":true},"in2DMode":false,"pivot":{"x":0.000011336058378219604,"y":0.003950641956180334,"z":0.00011147279292345047},"rotation":{"x":0.33238840103149416,"y":0.08781758695840836,"z":-0.03289517015218735,"w":0.9386270046234131},"size":0.03928864747285843,"orthographic":true}