{"cameraMode":{"drawMode":0,"name":"Shaded","section":"Shading Mode"},"sceneLighting":false,"audioPlay":false,"sceneViewState":{"showFog":true,"showMaterialUpdate":false,"showSkybox":false,"showFlares":true,"showImageEffects":true,"showParticleSystems":true},"in2DMode":false,"pivot":{"x":0.0435791015625,"y":0.3487548828125,"z":-0.2054443359375},"rotation":{"x":0.0862259715795517,"y":-0.8814522624015808,"z":0.43190518021583559,"w":0.17133119702339173},"size":1.4147030115127564,"orthographic":true}