{"cameraMode":{"drawMode":0,"name":"Shaded","section":"Shading Mode"},"sceneLighting":false,"audioPlay":false,"sceneViewState":{"showFog":true,"showMaterialUpdate":false,"showSkybox":false,"showFlares":true,"showImageEffects":true,"showParticleSystems":true},"in2DMode":false,"pivot":{"x":-2.5331974029541018e-7,"y":0.5596617460250855,"z":-0.2537488043308258},"rotation":{"x":0.1381777673959732,"y":-0.46080297231674197,"z":0.07110942900180817,"w":0.8739657998085022},"size":1.448270320892334,"orthographic":true}