{"cameraMode":{"drawMode":0,"name":"Shaded","section":"Shading Mode"},"sceneLighting":false,"audioPlay":false,"sceneViewState":{"showFog":true,"showMaterialUpdate":false,"showSkybox":false,"showFlares":true,"showImageEffects":true,"showParticleSystems":true},"in2DMode":false,"pivot":{"x":-0.13870197534561158,"y":-2.0489368438720705,"z":6.705522537231445e-8},"rotation":{"x":0.2563730776309967,"y":0.12743671238422395,"z":-0.03408844769001007,"w":0.9575499892234802},"size":2.200284957885742,"orthographic":true}