{"cameraMode":{"drawMode":0,"name":"Shaded","section":"Shading Mode"},"sceneLighting":false,"audioPlay":false,"sceneViewState":{"showFog":true,"showMaterialUpdate":false,"showSkybox":false,"showFlares":true,"showImageEffects":true,"showParticleSystems":true},"in2DMode":false,"pivot":{"x":-0.9750058650970459,"y":0.4999999403953552,"z":-1.774999737739563},"rotation":{"x":0.23244145512580872,"y":-0.10885245352983475,"z":0.026220692321658136,"w":0.9661606550216675},"size":7.342944145202637,"orthographic":true}