{"cameraMode":{"drawMode":0,"name":"Shaded","section":"Shading Mode"},"sceneLighting":false,"audioPlay":false,"sceneViewState":{"showFog":true,"showMaterialUpdate":false,"showSkybox":false,"showFlares":true,"showImageEffects":true,"showParticleSystems":true},"in2DMode":false,"pivot":{"x":0.000718235969543457,"y":0.6507689356803894,"z":-0.2009986937046051},"rotation":{"x":0.35938188433647158,"y":0.46957525610923769,"z":-0.22019772231578828,"w":0.7759811878204346},"size":3.7480595111846926,"orthographic":true}