{"cameraMode":{"drawMode":0,"name":"Shaded","section":"Shading Mode"},"sceneLighting":false,"audioPlay":false,"sceneViewState":{"showFog":true,"showMaterialUpdate":false,"showSkybox":false,"showFlares":true,"showImageEffects":true,"showParticleSystems":true},"in2DMode":false,"pivot":{"x":-0.1000000387430191,"y":1.3999996185302735,"z":1.0},"rotation":{"x":0.12579409778118134,"y":0.6664285659790039,"z":-0.11547582596540451,"w":0.7257632613182068},"size":5.715766906738281,"orthographic":true}