{"cameraMode":{"drawMode":0,"name":"Shaded","section":"Shading Mode"},"sceneLighting":false,"audioPlay":false,"sceneViewState":{"showFog":true,"showMaterialUpdate":false,"showSkybox":false,"showFlares":true,"showImageEffects":true,"showParticleSystems":true},"in2DMode":false,"pivot":{"x":-0.1000000387430191,"y":1.399999737739563,"z":2.384185791015625e-7},"rotation":{"x":0.1085599958896637,"y":-0.6749540567398071,"z":0.10139865428209305,"w":0.7227759957313538},"size":5.7157673835754398,"orthographic":true}