{"cameraMode":{"drawMode":0,"name":"Shaded","section":"Shading Mode"},"sceneLighting":false,"audioPlay":false,"sceneViewState":{"showFog":true,"showMaterialUpdate":false,"showSkybox":false,"showFlares":true,"showImageEffects":true,"showParticleSystems":true},"in2DMode":false,"pivot":{"x":-0.9999998807907105,"y":0.4999999403953552,"z":-0.9999998807907105},"rotation":{"x":0.23244145512580872,"y":-0.10885245352983475,"z":0.026220692321658136,"w":0.9661606550216675},"size":4.94999885559082,"orthographic":true}