{"cameraMode":{"drawMode":0,"name":"Shaded","section":"Shading Mode"},"sceneLighting":false,"audioPlay":false,"sceneViewState":{"showFog":true,"showMaterialUpdate":false,"showSkybox":false,"showFlares":true,"showImageEffects":true,"showParticleSystems":true},"in2DMode":false,"pivot":{"x":-0.00021669268608093262,"y":0.4376761019229889,"z":-0.02015596628189087},"rotation":{"x":0.22573192417621613,"y":-0.6833744049072266,"z":0.23255912959575654,"w":0.6544089317321777},"size":3.910431385040283,"orthographic":true}