{"cameraMode":{"drawMode":0,"name":"Shaded","section":"Shading Mode"},"sceneLighting":true,"audioPlay":false,"sceneViewState":{"showFog":true,"showMaterialUpdate":false,"showSkybox":true,"showFlares":true,"showImageEffects":true,"showParticleSystems":true},"in2DMode":false,"pivot":{"x":81.16517639160156,"y":290.01251220703127,"z":331.8939514160156},"rotation":{"x":-0.37541207671165469,"y":-0.45318377017974856,"z":0.21867498755455018,"w":-0.7784730792045593},"size":263.65496826171877,"orthographic":true}