{"cameraMode":{"drawMode":0,"name":"Shaded","section":"Shading Mode"},"sceneLighting":false,"audioPlay":false,"sceneViewState":{"showFog":true,"showMaterialUpdate":false,"showSkybox":false,"showFlares":true,"showImageEffects":true,"showParticleSystems":true},"in2DMode":false,"pivot":{"x":0.006421476602554321,"y":0.3838143050670624,"z":0.02936685085296631},"rotation":{"x":-0.13818034529685975,"y":-0.7573085427284241,"z":0.1733504682779312,"w":-0.6145177483558655},"size":2.14138126373291,"orthographic":true}