{"cameraMode":{"drawMode":0,"name":"Shaded","section":"Shading Mode"},"sceneLighting":false,"audioPlay":false,"sceneViewState":{"showFog":true,"showMaterialUpdate":false,"showSkybox":false,"showFlares":true,"showImageEffects":true,"showParticleSystems":true},"in2DMode":false,"pivot":{"x":-0.02254319190979004,"y":0.9915347099304199,"z":-0.0005316734313964844},"rotation":{"x":-0.20036382973194123,"y":-0.32337629795074465,"z":0.07197817414999008,"w":-0.922179102897644},"size":4.0031280517578129,"orthographic":true}