{"cameraMode":{"drawMode":0,"name":"Shaded","section":"Shading Mode"},"sceneLighting":false,"audioPlay":false,"sceneViewState":{"showFog":true,"showMaterialUpdate":false,"showSkybox":false,"showFlares":true,"showImageEffects":true,"showParticleSystems":true},"in2DMode":false,"pivot":{"x":0.05699998140335083,"y":0.5,"z":0.4815383553504944},"rotation":{"x":0.6362395286560059,"y":-0.25977686047554018,"z":0.23869763314723969,"w":0.6863196492195129},"size":6.835562705993652,"orthographic":true}