{"cameraMode":{"drawMode":0,"name":"Shaded","section":"Shading Mode"},"sceneLighting":false,"audioPlay":false,"sceneViewState":{"showFog":true,"showMaterialUpdate":false,"showSkybox":false,"showFlares":true,"showImageEffects":true,"showParticleSystems":true},"in2DMode":false,"pivot":{"x":6.1937408447265629,"y":2.526486396789551,"z":3.04024600982666},"rotation":{"x":-0.12156593054533005,"y":-0.5147515535354614,"z":0.07401485741138458,"w":-0.8454461693763733},"size":12.099754333496094,"orthographic":false}