{"cameraMode":{"drawMode":0,"name":"Shaded","section":"Shading Mode"},"sceneLighting":true,"audioPlay":false,"sceneViewState":{"showFog":true,"showMaterialUpdate":false,"showSkybox":true,"showFlares":true,"showImageEffects":true,"showParticleSystems":true},"in2DMode":false,"pivot":{"x":206.3973388671875,"y":28.151260375976564,"z":553.1863403320313},"rotation":{"x":0.15912170708179475,"y":0.7500173449516296,"z":-0.2006523460149765,"w":0.6101657748222351},"size":159.29898071289063,"orthographic":true}