{"cameraMode":{"drawMode":0,"name":"Shaded","section":"Shading Mode"},"sceneLighting":false,"audioPlay":false,"sceneViewState":{"showFog":true,"showMaterialUpdate":false,"showSkybox":false,"showFlares":true,"showImageEffects":true,"showParticleSystems":true},"in2DMode":false,"pivot":{"x":-0.0606921911239624,"y":-0.1623375117778778,"z":0.2784592807292938},"rotation":{"x":-0.04159420728683472,"y":-0.9447978734970093,"z":0.2940753996372223,"w":-0.13942497968673707},"size":2.4259414672851564,"orthographic":true}