{"cameraMode":{"drawMode":0,"name":"Shaded","section":"Shading Mode"},"sceneLighting":false,"audioPlay":false,"sceneViewState":{"showFog":true,"showMaterialUpdate":false,"showSkybox":false,"showFlares":true,"showImageEffects":true,"showParticleSystems":true},"in2DMode":false,"pivot":{"x":0.0,"y":0.4140450358390808,"z":0.20480167865753175},"rotation":{"x":0.25776177644729617,"y":-0.5564478635787964,"z":0.1845119744539261,"w":0.7682416439056397},"size":4.579500198364258,"orthographic":true}