{"cameraMode":{"drawMode":0,"name":"Shaded","section":"Shading Mode"},"sceneLighting":false,"audioPlay":false,"sceneViewState":{"showFog":true,"showMaterialUpdate":false,"showSkybox":false,"showFlares":true,"showImageEffects":true,"showParticleSystems":true},"in2DMode":false,"pivot":{"x":-4.649997711181641,"y":0.8590319156646729,"z":-2.3035898208618166},"rotation":{"x":0.001277276431210339,"y":0.9665915369987488,"z":-0.25663799047470095,"w":0.011468904092907906},"size":5.471805095672607,"orthographic":true}