{"cameraMode":{"drawMode":0,"name":"Shaded","section":"Shading Mode"},"sceneLighting":false,"audioPlay":false,"sceneViewState":{"showFog":true,"showMaterialUpdate":false,"showSkybox":false,"showFlares":true,"showImageEffects":true,"showParticleSystems":true},"in2DMode":false,"pivot":{"x":-0.004400849342346191,"y":0.21808487176895142,"z":0.00008763372898101807},"rotation":{"x":-0.03554496914148331,"y":0.9488438367843628,"z":-0.2948678731918335,"w":-0.10852935165166855},"size":1.6503548622131348,"orthographic":true}