{"cameraMode":{"drawMode":0,"name":"Shaded","section":"Shading Mode"},"sceneLighting":false,"audioPlay":false,"sceneViewState":{"showFog":true,"showMaterialUpdate":false,"showSkybox":false,"showFlares":true,"showImageEffects":true,"showParticleSystems":true},"in2DMode":false,"pivot":{"x":0.0,"y":-0.010132402181625367,"z":-0.009275905787944794},"rotation":{"x":-0.32304760813713076,"y":0.5962878465652466,"z":-0.2811623215675354,"w":-0.6792088150978088},"size":0.5794553756713867,"orthographic":true}