{"cameraMode":{"drawMode":0,"name":"Shaded","section":"Shading Mode"},"sceneLighting":false,"audioPlay":false,"sceneViewState":{"showFog":true,"showMaterialUpdate":false,"showSkybox":false,"showFlares":true,"showImageEffects":true,"showParticleSystems":true},"in2DMode":false,"pivot":{"x":0.05571818724274635,"y":0.0,"z":6.705522537231445e-8},"rotation":{"x":0.12157376855611801,"y":-0.8545254468917847,"z":0.23155072331428529,"w":0.4487985074520111},"size":4.994929313659668,"orthographic":true}