{"cameraMode":{"drawMode":0,"name":"Shaded","section":"Shading Mode"},"sceneLighting":false,"audioPlay":false,"sceneViewState":{"showFog":true,"showMaterialUpdate":false,"showSkybox":false,"showFlares":true,"showImageEffects":true,"showParticleSystems":true},"in2DMode":false,"pivot":{"x":0.0,"y":0.3280986547470093,"z":-0.058259397745132449},"rotation":{"x":-0.03554496914148331,"y":0.9488438367843628,"z":-0.2948678731918335,"w":-0.10852935165166855},"size":1.9375313520431519,"orthographic":true}