{"cameraMode":{"drawMode":0,"name":"Shaded","section":"Shading Mode"},"sceneLighting":false,"audioPlay":false,"sceneViewState":{"showFog":true,"showMaterialUpdate":false,"showSkybox":false,"showFlares":true,"showImageEffects":true,"showParticleSystems":true},"in2DMode":false,"pivot":{"x":-0.03703143447637558,"y":0.013037179596722126,"z":-0.3125007152557373},"rotation":{"x":0.04953407496213913,"y":-0.909777820110321,"z":0.39789238572120669,"w":0.10874773561954498},"size":0.1646423190832138,"orthographic":true}