{"cameraMode":{"drawMode":0,"name":"Shaded","section":"Shading Mode"},"sceneLighting":false,"audioPlay":false,"sceneViewState":{"showFog":true,"showMaterialUpdate":false,"showSkybox":false,"showFlares":true,"showImageEffects":true,"showParticleSystems":true},"in2DMode":false,"pivot":{"x":-0.9999998807907105,"y":1.4999996423721314,"z":-0.2499999701976776},"rotation":{"x":-0.2421887367963791,"y":-0.37143760919570925,"z":0.10097294300794602,"w":-0.8906275033950806},"size":9.223779678344727,"orthographic":true}