{"cameraMode":{"drawMode":0,"name":"Shaded","section":"Shading Mode"},"sceneLighting":false,"audioPlay":false,"sceneViewState":{"showFog":true,"showMaterialUpdate":false,"showSkybox":false,"showFlares":true,"showImageEffects":true,"showParticleSystems":true},"in2DMode":false,"pivot":{"x":-2.9802322387695315e-8,"y":0.062370143830776218,"z":1.043081283569336e-7},"rotation":{"x":0.1591654121875763,"y":-0.8424098491668701,"z":0.3710140287876129,"w":0.35730698704719546},"size":0.6271094083786011,"orthographic":true}