{"cameraMode":{"drawMode":0,"name":"Shaded","section":"Shading Mode"},"sceneLighting":false,"audioPlay":false,"sceneViewState":{"showFog":true,"showMaterialUpdate":false,"showSkybox":false,"showFlares":true,"showImageEffects":true,"showParticleSystems":true},"in2DMode":false,"pivot":{"x":-0.04269237816333771,"y":0.012642614543437958,"z":-0.2311474233865738},"rotation":{"x":0.02323630265891552,"y":-0.9674937725067139,"z":0.2366064190864563,"w":0.08789797872304917},"size":0.24678704142570496,"orthographic":true}