{"cameraMode":{"drawMode":0,"name":"Shaded","section":"Shading Mode"},"sceneLighting":false,"audioPlay":false,"sceneViewState":{"showFog":true,"showMaterialUpdate":false,"showSkybox":false,"showFlares":true,"showImageEffects":true,"showParticleSystems":true},"in2DMode":false,"pivot":{"x":-0.4438623785972595,"y":2.1674153804779054,"z":1.0861637592315674},"rotation":{"x":-0.12359771877527237,"y":-0.7955713272094727,"z":0.17693501710891725,"w":-0.5663712620735169},"size":9.299347877502442,"orthographic":true}