{"cameraMode":{"drawMode":0,"name":"Shaded","section":"Shading Mode"},"sceneLighting":false,"audioPlay":false,"sceneViewState":{"showFog":true,"showMaterialUpdate":false,"showSkybox":false,"showFlares":true,"showImageEffects":true,"showParticleSystems":true},"in2DMode":false,"pivot":{"x":-5.0662150382995609,"y":0.07499999552965164,"z":0.45000267028808596},"rotation":{"x":-0.0028722079005092384,"y":0.9704151749610901,"z":-0.2411818653345108,"w":-0.01165497675538063},"size":24.763330459594728,"orthographic":true}