{"cameraMode":{"drawMode":0,"name":"Shaded","section":"Shading Mode"},"sceneLighting":false,"audioPlay":false,"sceneViewState":{"showFog":true,"showMaterialUpdate":false,"showSkybox":false,"showFlares":true,"showImageEffects":true,"showParticleSystems":true},"in2DMode":false,"pivot":{"x":-0.06396443396806717,"y":-2.9802322387695315e-8,"z":0.220371276140213},"rotation":{"x":0.060353849083185199,"y":-0.5086356997489929,"z":0.03341382369399071,"w":0.858381986618042},"size":1.273210883140564,"orthographic":true}