{"cameraMode":{"drawMode":0,"name":"Shaded","section":"Shading Mode"},"sceneLighting":false,"audioPlay":false,"sceneViewState":{"showFog":true,"showMaterialUpdate":false,"showSkybox":false,"showFlares":true,"showImageEffects":true,"showParticleSystems":true},"in2DMode":false,"pivot":{"x":8.940696716308594e-8,"y":-0.06360411643981934,"z":0.0},"rotation":{"x":0.044259633868932727,"y":-0.9569888710975647,"z":0.18111248314380647,"w":0.2229500263929367},"size":4.13108491897583,"orthographic":true}