{"cameraMode":{"drawMode":0,"name":"Shaded","section":"Shading Mode"},"sceneLighting":false,"audioPlay":false,"sceneViewState":{"showFog":true,"showMaterialUpdate":false,"showSkybox":false,"showFlares":true,"showImageEffects":true,"showParticleSystems":true},"in2DMode":false,"pivot":{"x":-0.01508629322052002,"y":0.33507800102233889,"z":-1.4901161193847657e-8},"rotation":{"x":-0.13696487247943879,"y":0.27419939637184145,"z":-0.037679802626371387,"w":-0.9512884616851807},"size":1.3948570489883423,"orthographic":true}