{"cameraMode":{"drawMode":0,"name":"Shaded","section":"Shading Mode"},"sceneLighting":false,"audioPlay":false,"sceneViewState":{"showFog":true,"showMaterialUpdate":false,"showSkybox":false,"showFlares":true,"showImageEffects":true,"showParticleSystems":true},"in2DMode":false,"pivot":{"x":0.010062746703624726,"y":-0.8573665618896484,"z":0.34999990463256838},"rotation":{"x":0.2088714838027954,"y":-0.6322055459022522,"z":0.18257100880146027,"w":0.7234540581703186},"size":3.6673078536987306,"orthographic":true}