{"cameraMode":{"drawMode":0,"name":"Shaded","section":"Shading Mode"},"sceneLighting":false,"audioPlay":false,"sceneViewState":{"showFog":true,"showMaterialUpdate":false,"showSkybox":false,"showFlares":true,"showImageEffects":true,"showParticleSystems":true},"in2DMode":false,"pivot":{"x":0.0,"y":0.12267468124628067,"z":0.009350091218948365},"rotation":{"x":-0.0187474824488163,"y":-0.8982316851615906,"z":0.4373309016227722,"w":-0.04311829432845116},"size":0.9952110052108765,"orthographic":true}