{"cameraMode":{"drawMode":0,"name":"Shaded","section":"Shading Mode"},"sceneLighting":false,"audioPlay":false,"sceneViewState":{"showFog":true,"showMaterialUpdate":false,"showSkybox":false,"showFlares":true,"showImageEffects":true,"showParticleSystems":true},"in2DMode":false,"pivot":{"x":-0.18038740754127503,"y":0.3866383731365204,"z":0.0028076171875},"rotation":{"x":-0.42544248700141909,"y":0.359525591135025,"z":-0.1864616423845291,"w":-0.8094836473464966},"size":3.101393938064575,"orthographic":true}