{"cameraMode":{"drawMode":0,"name":"Shaded","section":"Shading Mode"},"sceneLighting":false,"audioPlay":false,"sceneViewState":{"showFog":true,"showMaterialUpdate":false,"showSkybox":false,"showFlares":true,"showImageEffects":true,"showParticleSystems":true},"in2DMode":false,"pivot":{"x":-0.0788935124874115,"y":0.12686118483543397,"z":0.0},"rotation":{"x":0.03093547560274601,"y":0.8227013945579529,"z":-0.04787720367312431,"w":0.5658702850341797},"size":0.5590125322341919,"orthographic":true}