{"cameraMode":{"drawMode":0,"name":"Shaded","section":"Shading Mode"},"sceneLighting":false,"audioPlay":false,"sceneViewState":{"showFog":true,"showMaterialUpdate":false,"showSkybox":false,"showFlares":true,"showImageEffects":true,"showParticleSystems":true},"in2DMode":false,"pivot":{"x":0.0,"y":-0.11475402116775513,"z":-0.00010594725608825684},"rotation":{"x":-0.018380289897322656,"y":-0.9259967803955078,"z":0.37424197793006899,"w":-0.049367912113666537},"size":1.6242948770523072,"orthographic":true}