{"cameraMode":{"drawMode":0,"name":"Shaded","section":"Shading Mode"},"sceneLighting":false,"audioPlay":false,"sceneViewState":{"showFog":true,"showMaterialUpdate":false,"showSkybox":false,"showFlares":true,"showImageEffects":true,"showParticleSystems":true},"in2DMode":false,"pivot":{"x":0.21402180194854737,"y":-1.095907211303711,"z":6.5815582275390629},"rotation":{"x":-0.13783292472362519,"y":0.022874334827065469,"z":-0.0031845662742853166,"w":-0.9901894330978394},"size":15.078495025634766,"orthographic":false}