{"cameraMode":{"drawMode":0,"name":"Shaded","section":"Shading Mode"},"sceneLighting":false,"audioPlay":false,"sceneViewState":{"showFog":true,"showMaterialUpdate":false,"showSkybox":false,"showFlares":true,"showImageEffects":true,"showParticleSystems":true},"in2DMode":false,"pivot":{"x":0.0,"y":0.3059999942779541,"z":0.0034643709659576418},"rotation":{"x":-0.03554496914148331,"y":0.9488438367843628,"z":-0.2948678731918335,"w":-0.10852935165166855},"size":2.2798171043395998,"orthographic":true}