{"cameraMode":{"drawMode":0,"name":"Shaded","section":"Shading Mode"},"sceneLighting":false,"audioPlay":false,"sceneViewState":{"showFog":true,"showMaterialUpdate":false,"showSkybox":false,"showFlares":true,"showImageEffects":true,"showParticleSystems":true},"in2DMode":false,"pivot":{"x":0.026173710823059083,"y":0.15291976928710938,"z":0.0},"rotation":{"x":-0.04159420728683472,"y":-0.9447978734970093,"z":0.2940753996372223,"w":-0.13942497968673707},"size":1.0428602695465088,"orthographic":true}