{"cameraMode":{"drawMode":0,"name":"Shaded","section":"Shading Mode"},"sceneLighting":false,"audioPlay":false,"sceneViewState":{"showFog":true,"showMaterialUpdate":false,"showSkybox":false,"showFlares":true,"showImageEffects":true,"showParticleSystems":true},"in2DMode":false,"pivot":{"x":0.0,"y":1.4999996423721314,"z":-0.2499999701976776},"rotation":{"x":0.23244145512580872,"y":-0.10885245352983475,"z":0.026220692321658136,"w":0.9661606550216675},"size":7.239345073699951,"orthographic":true}