{"cameraMode":{"drawMode":0,"name":"Shaded","section":"Shading Mode"},"sceneLighting":false,"audioPlay":false,"sceneViewState":{"showFog":true,"showMaterialUpdate":false,"showSkybox":false,"showFlares":true,"showImageEffects":true,"showParticleSystems":true},"in2DMode":false,"pivot":{"x":0.0,"y":0.43225735425949099,"z":0.016348421573638917},"rotation":{"x":-0.13818034529685975,"y":-0.7573085427284241,"z":0.1733504682779312,"w":-0.6145177483558655},"size":1.8726674318313599,"orthographic":true}