{"cameraMode":{"drawMode":0,"name":"Shaded","section":"Shading Mode"},"sceneLighting":false,"audioPlay":false,"sceneViewState":{"showFog":true,"showMaterialUpdate":false,"showSkybox":false,"showFlares":true,"showImageEffects":true,"showParticleSystems":true},"in2DMode":false,"pivot":{"x":-0.10933801531791687,"y":0.2648395895957947,"z":0.0006282851099967957},"rotation":{"x":0.014642766676843167,"y":-0.9789763689041138,"z":0.18878436088562013,"w":0.07593203336000443},"size":1.2304860353469849,"orthographic":true}