{"cameraMode":{"drawMode":0,"name":"Shaded","section":"Shading Mode"},"sceneLighting":true,"audioPlay":false,"sceneViewState":{"showFog":true,"showMaterialUpdate":false,"showSkybox":true,"showFlares":true,"showImageEffects":true,"showParticleSystems":true},"in2DMode":false,"pivot":{"x":438.52728271484377,"y":451.4449462890625,"z":217.44471740722657},"rotation":{"x":-0.3014909625053406,"y":-0.23422308266162873,"z":0.07740841805934906,"w":-0.921099066734314},"size":367.1771240234375,"orthographic":true}