{"cameraMode":{"drawMode":0,"name":"Shaded","section":"Shading Mode"},"sceneLighting":false,"audioPlay":false,"sceneViewState":{"showFog":true,"showMaterialUpdate":false,"showSkybox":false,"showFlares":true,"showImageEffects":true,"showParticleSystems":true},"in2DMode":false,"pivot":{"x":2.489824056625366,"y":0.9999997019767761,"z":-1.7407186031341553},"rotation":{"x":-0.03554496914148331,"y":0.9488438367843628,"z":-0.2948678731918335,"w":-0.10852935165166855},"size":4.459683418273926,"orthographic":true}