{"cameraMode":{"drawMode":0,"name":"Shaded","section":"Shading Mode"},"sceneLighting":false,"audioPlay":false,"sceneViewState":{"showFog":true,"showMaterialUpdate":false,"showSkybox":false,"showFlares":true,"showImageEffects":true,"showParticleSystems":true},"in2DMode":false,"pivot":{"x":-0.0010935962200164796,"y":0.39789122343063357,"z":0.31439411640167239},"rotation":{"x":-0.044589366763830188,"y":0.9414516687393189,"z":-0.30808398127555849,"w":-0.13061118125915528},"size":1.7730549573898316,"orthographic":true}