{"cameraMode":{"drawMode":0,"name":"Shaded","section":"Shading Mode"},"sceneLighting":false,"audioPlay":false,"sceneViewState":{"showFog":true,"showMaterialUpdate":false,"showSkybox":false,"showFlares":true,"showImageEffects":true,"showParticleSystems":true},"in2DMode":false,"pivot":{"x":0.006188184022903442,"y":0.33180364966392519,"z":0.06989061832427979},"rotation":{"x":-0.07790138572454453,"y":-0.8395110964775086,"z":0.5225224494934082,"w":-0.12812472879886628},"size":4.081133842468262,"orthographic":true}