{"cameraMode":{"drawMode":0,"name":"Shaded","section":"Shading Mode"},"sceneLighting":false,"audioPlay":false,"sceneViewState":{"showFog":true,"showMaterialUpdate":false,"showSkybox":false,"showFlares":true,"showImageEffects":true,"showParticleSystems":true},"in2DMode":false,"pivot":{"x":-0.9999998211860657,"y":0.0999998152256012,"z":0.9999998211860657},"rotation":{"x":-0.0028722079005092384,"y":0.9704151749610901,"z":-0.2411818653345108,"w":-0.01165497675538063},"size":4.678556442260742,"orthographic":true}