{"cameraMode":{"drawMode":0,"name":"Shaded","section":"Shading Mode"},"sceneLighting":false,"audioPlay":false,"sceneViewState":{"showFog":false,"showMaterialUpdate":false,"showSkybox":false,"showFlares":true,"showImageEffects":true,"showParticleSystems":true},"in2DMode":false,"pivot":{"x":-1.1920928955078126e-7,"y":0.0,"z":0.05745881423354149},"rotation":{"x":0.22849714756011964,"y":0.0612860806286335,"z":-0.014414441771805287,"w":0.9715080857276917},"size":6.657358169555664,"orthographic":false}