{"cameraMode":{"drawMode":0,"name":"Shaded","section":"Shading Mode"},"sceneLighting":true,"audioPlay":false,"sceneViewState":{"showFog":false,"showMaterialUpdate":false,"showSkybox":false,"showFlares":true,"showImageEffects":true,"showParticleSystems":true},"in2DMode":false,"pivot":{"x":119.13751220703125,"y":35.714202880859378,"z":610.0138549804688},"rotation":{"x":0.17479829490184785,"y":0.08701328188180924,"z":-0.01551015954464674,"w":0.9806302785873413},"size":45.4648551940918,"orthographic":false}