{"cameraMode":{"drawMode":0,"name":"Shaded","section":"Shading Mode"},"sceneLighting":false,"audioPlay":false,"sceneViewState":{"showFog":false,"showMaterialUpdate":false,"showSkybox":false,"showFlares":true,"showImageEffects":true,"showParticleSystems":true},"in2DMode":false,"pivot":{"x":2.0999996662139894,"y":0.34999996423721316,"z":-0.5999999642372131},"rotation":{"x":-0.06543910503387451,"y":0.9312109351158142,"z":-0.2093222737312317,"w":-0.29112017154693606},"size":7.299267768859863,"orthographic":false}