{"cameraMode":{"drawMode":0,"name":"Shaded","section":"Shading Mode"},"sceneLighting":false,"audioPlay":false,"sceneViewState":{"showFog":false,"showMaterialUpdate":false,"showSkybox":false,"showFlares":true,"showImageEffects":true,"showParticleSystems":true},"in2DMode":false,"pivot":{"x":0.0,"y":0.4140450358390808,"z":0.20480167865753175},"rotation":{"x":0.3734644949436188,"y":0.2127661257982254,"z":-0.08842965960502625,"w":0.8985739350318909},"size":4.579500198364258,"orthographic":false}