{"cameraMode":{"drawMode":0,"name":"Shaded","section":"Shading Mode"},"sceneLighting":false,"audioPlay":false,"sceneViewState":{"showFog":false,"showMaterialUpdate":false,"showSkybox":false,"showFlares":true,"showImageEffects":true,"showParticleSystems":true},"in2DMode":false,"pivot":{"x":0.10729175806045532,"y":1.0368499755859376,"z":-2.027855634689331},"rotation":{"x":0.007587870582938194,"y":0.9864228367805481,"z":-0.15697234869003297,"w":0.047682248055934909},"size":6.002463340759277,"orthographic":false}