{"cameraMode":{"drawMode":0,"name":"Shaded","section":"Shading Mode"},"sceneLighting":false,"audioPlay":false,"sceneViewState":{"showFog":false,"showMaterialUpdate":false,"showSkybox":false,"showFlares":true,"showImageEffects":true,"showParticleSystems":true},"in2DMode":false,"pivot":{"x":0.0009168684482574463,"y":-0.1784048080444336,"z":0.23253627121448518},"rotation":{"x":0.25530287623405459,"y":0.4602392315864563,"z":-0.14010271430015565,"w":0.8386733531951904},"size":1.308202862739563,"orthographic":false}