{"cameraMode":{"drawMode":0,"name":"Shaded","section":"Shading Mode"},"sceneLighting":false,"audioPlay":false,"sceneViewState":{"showFog":false,"showMaterialUpdate":false,"showSkybox":false,"showFlares":true,"showImageEffects":true,"showParticleSystems":true},"in2DMode":false,"pivot":{"x":0.004147946834564209,"y":0.6321114301681519,"z":0.03947654366493225},"rotation":{"x":0.0002670343383215368,"y":0.9889475107192993,"z":-0.14826110005378724,"w":0.0017810558201745153},"size":2.896652936935425,"orthographic":false}