{"cameraMode":{"drawMode":0,"name":"Shaded","section":"Shading Mode"},"sceneLighting":true,"audioPlay":false,"sceneViewState":{"showFog":false,"showMaterialUpdate":false,"showSkybox":false,"showFlares":true,"showImageEffects":true,"showParticleSystems":true},"in2DMode":false,"pivot":{"x":-68.53469848632813,"y":17.17903709411621,"z":46.77217102050781},"rotation":{"x":-0.2988717257976532,"y":-0.2919647693634033,"z":0.09659323841333389,"w":-0.9033878445625305},"size":81.31970977783203,"orthographic":false}