{"cameraMode":{"drawMode":0,"name":"Shaded","section":"Shading Mode"},"sceneLighting":false,"audioPlay":false,"sceneViewState":{"showFog":false,"showMaterialUpdate":false,"showSkybox":false,"showFlares":true,"showImageEffects":true,"showParticleSystems":true},"in2DMode":false,"pivot":{"x":0.0,"y":0.8879331350326538,"z":0.20302385091781617},"rotation":{"x":-0.06543910503387451,"y":0.9312109351158142,"z":-0.2093222737312317,"w":-0.29112017154693606},"size":4.442882537841797,"orthographic":false}