{"cameraMode":{"drawMode":0,"name":"Shaded","section":"Shading Mode"},"sceneLighting":false,"audioPlay":false,"sceneViewState":{"showFog":false,"showMaterialUpdate":false,"showSkybox":false,"showFlares":true,"showImageEffects":true,"showParticleSystems":true},"in2DMode":false,"pivot":{"x":-0.03703143447637558,"y":0.013037179596722126,"z":-0.4052400290966034},"rotation":{"x":0.10736100375652313,"y":-0.36105769872665408,"z":0.041888587176799777,"w":0.9253953695297241},"size":0.16464227437973023,"orthographic":false}