{"cameraMode":{"drawMode":0,"name":"Shaded","section":"Shading Mode"},"sceneLighting":false,"audioPlay":false,"sceneViewState":{"showFog":false,"showMaterialUpdate":false,"showSkybox":false,"showFlares":true,"showImageEffects":true,"showParticleSystems":true},"in2DMode":false,"pivot":{"x":0.0009484700858592987,"y":0.0,"z":-1.4901161193847657e-8},"rotation":{"x":0.2611252963542938,"y":0.4979560077190399,"z":-0.1602773815393448,"w":0.8112760782241821},"size":0.5983411073684692,"orthographic":false}