{"cameraMode":{"drawMode":0,"name":"Shaded","section":"Shading Mode"},"sceneLighting":true,"audioPlay":false,"sceneViewState":{"showFog":false,"showMaterialUpdate":false,"showSkybox":false,"showFlares":true,"showImageEffects":true,"showParticleSystems":true},"in2DMode":false,"pivot":{"x":-2353.882568359375,"y":-591.8128051757813,"z":1095.802490234375},"rotation":{"x":0.3027440905570984,"y":-0.3618117868900299,"z":0.12550710141658784,"w":0.8727474808692932},"size":2156.1630859375,"orthographic":false}