{"cameraMode":{"drawMode":0,"name":"Shaded","section":"Shading Mode"},"sceneLighting":true,"audioPlay":false,"sceneViewState":{"showFog":false,"showMaterialUpdate":false,"showSkybox":false,"showFlares":true,"showImageEffects":true,"showParticleSystems":true},"in2DMode":false,"pivot":{"x":17.318143844604493,"y":12.367077827453614,"z":-11.344390869140625},"rotation":{"x":0.23887649178504945,"y":-0.0014606874901801348,"z":0.0003511729009915143,"w":0.9710904359817505},"size":4.975277900695801,"orthographic":true}