{"cameraMode":{"drawMode":0,"name":"Shaded","section":"Shading Mode"},"sceneLighting":true,"audioPlay":false,"sceneViewState":{"showFog":false,"showMaterialUpdate":false,"showSkybox":false,"showFlares":true,"showImageEffects":true,"showParticleSystems":true},"in2DMode":false,"pivot":{"x":-2019.8775634765625,"y":-14.886575698852539,"z":853.6226196289063},"rotation":{"x":-0.24788586795330048,"y":-0.45751649141311648,"z":0.13449464738368989,"w":-0.8433037996292114},"size":721.8790283203125,"orthographic":false}