{"cameraMode":{"drawMode":0,"name":"Shaded","section":"Shading Mode"},"sceneLighting":false,"audioPlay":false,"sceneViewState":{"showFog":false,"showMaterialUpdate":false,"showSkybox":false,"showFlares":true,"showImageEffects":true,"showParticleSystems":true},"in2DMode":false,"pivot":{"x":-0.1000000536441803,"y":1.399999737739563,"z":2.384185791015625e-7},"rotation":{"x":0.14445097744464875,"y":-0.273691326379776,"z":0.04161567613482475,"w":0.9500001668930054},"size":3.1186790466308595,"orthographic":true}