{"cameraMode":{"drawMode":0,"name":"Shaded","section":"Shading Mode"},"sceneLighting":false,"audioPlay":false,"sceneViewState":{"showFog":false,"showMaterialUpdate":false,"showSkybox":false,"showFlares":true,"showImageEffects":true,"showParticleSystems":true},"in2DMode":false,"pivot":{"x":0.0,"y":0.30559757351875307,"z":-2.9802322387695315e-8},"rotation":{"x":0.6047872304916382,"y":0.0016740886494517327,"z":-0.0012711207382380963,"w":0.7963849306106567},"size":1.2917325496673585,"orthographic":false}