{"cameraMode":{"drawMode":0,"name":"Shaded","section":"Shading Mode"},"sceneLighting":false,"audioPlay":false,"sceneViewState":{"showFog":false,"showMaterialUpdate":false,"showSkybox":false,"showFlares":true,"showImageEffects":true,"showParticleSystems":true},"in2DMode":false,"pivot":{"x":0.054598450660705569,"y":1.211887001991272,"z":-0.05982780456542969},"rotation":{"x":-0.021968185901641847,"y":0.881977915763855,"z":-0.04131536930799484,"w":-0.4689638912677765},"size":1.0900416374206544,"orthographic":false}