{"cameraMode":{"drawMode":0,"name":"Shaded","section":"Shading Mode"},"sceneLighting":true,"audioPlay":false,"sceneViewState":{"showFog":false,"showMaterialUpdate":false,"showSkybox":false,"showFlares":true,"showImageEffects":true,"showParticleSystems":true},"in2DMode":false,"pivot":{"x":-2020.135009765625,"y":-500.16583251953127,"z":435.3793640136719},"rotation":{"x":-0.4483214020729065,"y":-0.5064831376075745,"z":0.35053175687789919,"w":-0.6477776765823364},"size":1350.70556640625,"orthographic":false}