{"cameraMode":{"drawMode":0,"name":"Shaded","section":"Shading Mode"},"sceneLighting":false,"audioPlay":false,"sceneViewState":{"showFog":false,"showMaterialUpdate":false,"showSkybox":false,"showFlares":true,"showImageEffects":true,"showParticleSystems":true},"in2DMode":false,"pivot":{"x":0.0,"y":0.725395679473877,"z":0.08007875084877014},"rotation":{"x":0.1164204329252243,"y":-0.1419200450181961,"z":0.016808537766337396,"w":0.9828676581382752},"size":3.4900412559509279,"orthographic":false}