{"cameraMode":{"drawMode":0,"name":"Shaded","section":"Shading Mode"},"sceneLighting":false,"audioPlay":false,"sceneViewState":{"showFog":false,"showMaterialUpdate":false,"showSkybox":false,"showFlares":true,"showImageEffects":true,"showParticleSystems":true},"in2DMode":false,"pivot":{"x":0.0,"y":0.4728797376155853,"z":0.01435534656047821},"rotation":{"x":0.17694894969463349,"y":-0.011810160242021084,"z":0.002123479498550296,"w":0.9841477870941162},"size":3.933786153793335,"orthographic":false}