{"cameraMode":{"drawMode":0,"name":"Shaded","section":"Shading Mode"},"sceneLighting":false,"audioPlay":false,"sceneViewState":{"showFog":false,"showMaterialUpdate":false,"showSkybox":false,"showFlares":true,"showImageEffects":true,"showParticleSystems":true},"in2DMode":false,"pivot":{"x":1.0,"y":0.9098597168922424,"z":0.009814538061618805},"rotation":{"x":-0.07010103762149811,"y":0.9176173806190491,"z":-0.18726171553134919,"w":-0.34350842237472536},"size":3.40635347366333,"orthographic":false}