{"cameraMode":{"drawMode":0,"name":"Shaded","section":"Shading Mode"},"sceneLighting":false,"audioPlay":false,"sceneViewState":{"showFog":false,"showMaterialUpdate":false,"showSkybox":false,"showFlares":true,"showImageEffects":true,"showParticleSystems":true},"in2DMode":false,"pivot":{"x":-0.024386584758758546,"y":1.2512481212615967,"z":0.44795486330986025},"rotation":{"x":-0.027523856610059739,"y":0.8699076771736145,"z":-0.04886148124933243,"w":-0.49002090096473696},"size":5.1027021408081059,"orthographic":false}