{"cameraMode":{"drawMode":0,"name":"Shaded","section":"Shading Mode"},"sceneLighting":true,"audioPlay":false,"sceneViewState":{"showFog":false,"showMaterialUpdate":false,"showSkybox":false,"showFlares":true,"showImageEffects":true,"showParticleSystems":true},"in2DMode":false,"pivot":{"x":-2560.958740234375,"y":135.00523376464845,"z":425.5024719238281},"rotation":{"x":0.09594601392745972,"y":-0.4669613540172577,"z":0.05105249211192131,"w":0.8775745034217835},"size":256.73931884765627,"orthographic":false}