{"cameraMode":{"drawMode":0,"name":"Shaded","section":"Shading Mode"},"sceneLighting":true,"audioPlay":false,"sceneViewState":{"showFog":false,"showMaterialUpdate":false,"showSkybox":false,"showFlares":true,"showImageEffects":true,"showParticleSystems":true},"in2DMode":false,"pivot":{"x":301.07220458984377,"y":0.6999779939651489,"z":701.3914184570313},"rotation":{"x":0.04824306070804596,"y":-0.9323619604110718,"z":0.3321835696697235,"w":0.13461646437644959},"size":174.5811767578125,"orthographic":true}