{"cameraMode":{"drawMode":0,"name":"Shaded","section":"Shading Mode"},"sceneLighting":false,"audioPlay":false,"sceneViewState":{"showFog":false,"showMaterialUpdate":false,"showSkybox":false,"showFlares":true,"showImageEffects":true,"showParticleSystems":true},"in2DMode":false,"pivot":{"x":0.0026528537273406984,"y":0.772754430770874,"z":-0.6717878580093384},"rotation":{"x":0.4177412688732147,"y":0.43484294414520266,"z":-0.23862622678279878,"w":0.76123046875},"size":4.364895820617676,"orthographic":false}