{"cameraMode":{"drawMode":0,"name":"Shaded","section":"Shading Mode"},"sceneLighting":false,"audioPlay":false,"sceneViewState":{"showFog":false,"showMaterialUpdate":false,"showSkybox":false,"showFlares":true,"showImageEffects":true,"showParticleSystems":true},"in2DMode":false,"pivot":{"x":-3.3796236515045168,"y":2.003727912902832,"z":4.753848552703857},"rotation":{"x":0.013088280335068703,"y":-0.2449587732553482,"z":0.0033071015495806934,"w":0.9694398045539856},"size":7.016831874847412,"orthographic":false}