{"cameraMode":{"drawMode":0,"name":"Shaded","section":"Shading Mode"},"sceneLighting":false,"audioPlay":false,"sceneViewState":{"showFog":false,"showMaterialUpdate":false,"showSkybox":false,"showFlares":true,"showImageEffects":true,"showParticleSystems":true},"in2DMode":false,"pivot":{"x":-0.1000000536441803,"y":1.3999993801116944,"z":1.999999761581421},"rotation":{"x":0.39286020398139956,"y":-0.38446280360221865,"z":0.1854315996170044,"w":0.8145348429679871},"size":8.063081741333008,"orthographic":true}