{"cameraMode":{"drawMode":0,"name":"Shaded","section":"Shading Mode"},"sceneLighting":true,"audioPlay":false,"sceneViewState":{"showFog":false,"showMaterialUpdate":false,"showSkybox":false,"showFlares":true,"showImageEffects":true,"showParticleSystems":true},"in2DMode":false,"pivot":{"x":479.04876708984377,"y":144.24221801757813,"z":885.3074951171875},"rotation":{"x":0.2529192566871643,"y":0.746847927570343,"z":-0.44555163383483889,"w":0.4239513874053955},"size":248.9950408935547,"orthographic":true}