{"cameraMode":{"drawMode":0,"name":"Shaded","section":"Shading Mode"},"sceneLighting":false,"audioPlay":false,"sceneViewState":{"showFog":false,"showMaterialUpdate":false,"showSkybox":false,"showFlares":true,"showImageEffects":true,"showParticleSystems":true},"in2DMode":false,"pivot":{"x":0.039672598242759708,"y":0.3929117023944855,"z":0.0000934898853302002},"rotation":{"x":-0.13483692705631257,"y":0.8589115142822266,"z":-0.28903546929359438,"w":-0.4006912112236023},"size":1.7022056579589844,"orthographic":false}