{"cameraMode":{"drawMode":0,"name":"Shaded","section":"Shading Mode"},"sceneLighting":false,"audioPlay":false,"sceneViewState":{"showFog":false,"showMaterialUpdate":false,"showSkybox":false,"showFlares":true,"showImageEffects":true,"showParticleSystems":true},"in2DMode":false,"pivot":{"x":0.0017796158790588379,"y":0.3581736981868744,"z":-0.0027122199535369875},"rotation":{"x":-0.11300315707921982,"y":0.8663861155509949,"z":-0.2277984619140625,"w":-0.42978835105895998},"size":1.5073466300964356,"orthographic":false}