{"cameraMode":{"drawMode":0,"name":"Shaded","section":"Shading Mode"},"sceneLighting":false,"audioPlay":false,"sceneViewState":{"showFog":false,"showMaterialUpdate":false,"showSkybox":false,"showFlares":true,"showImageEffects":true,"showParticleSystems":true},"in2DMode":false,"pivot":{"x":3.725290298461914e-9,"y":-0.025234661996364595,"z":3.5762786865234377e-7},"rotation":{"x":-0.027523856610059739,"y":0.8699076771736145,"z":-0.04886148124933243,"w":-0.49002090096473696},"size":1.8398500680923463,"orthographic":false}