{"cameraMode":{"drawMode":0,"name":"Shaded","section":"Shading Mode"},"sceneLighting":false,"audioPlay":false,"sceneViewState":{"showFog":false,"showMaterialUpdate":false,"showSkybox":false,"showFlares":true,"showImageEffects":true,"showParticleSystems":true},"in2DMode":false,"pivot":{"x":0.0,"y":-0.11475402116775513,"z":-0.00010594725608825684},"rotation":{"x":-0.11908768117427826,"y":0.8574855923652649,"z":-0.22958867251873017,"w":-0.44478166103363039},"size":1.6242948770523072,"orthographic":false}