{"cameraMode":{"drawMode":0,"name":"Shaded","section":"Shading Mode"},"sceneLighting":false,"audioPlay":false,"sceneViewState":{"showFog":false,"showMaterialUpdate":false,"showSkybox":false,"showFlares":true,"showImageEffects":true,"showParticleSystems":true},"in2DMode":false,"pivot":{"x":-1.5000001192092896,"y":0.010174109600484372,"z":-1.5},"rotation":{"x":0.01812460646033287,"y":-0.9081493020057678,"z":0.03952932730317116,"w":0.41638487577438357},"size":7.000438213348389,"orthographic":true}