{"cameraMode":{"drawMode":0,"name":"Shaded","section":"Shading Mode"},"sceneLighting":false,"audioPlay":false,"sceneViewState":{"showFog":false,"showMaterialUpdate":false,"showSkybox":false,"showFlares":true,"showImageEffects":true,"showParticleSystems":true},"in2DMode":false,"pivot":{"x":5.960464477539063e-8,"y":0.2811371386051178,"z":0.0},"rotation":{"x":-0.11300315707921982,"y":0.8663861155509949,"z":-0.2277984619140625,"w":-0.42978835105895998},"size":1.4147030115127564,"orthographic":false}