{"cameraMode":{"drawMode":0,"name":"Shaded","section":"Shading Mode"},"sceneLighting":false,"audioPlay":false,"sceneViewState":{"showFog":false,"showMaterialUpdate":false,"showSkybox":false,"showFlares":true,"showImageEffects":true,"showParticleSystems":true},"in2DMode":false,"pivot":{"x":0.6841050982475281,"y":2.791440010070801,"z":0.7504887580871582},"rotation":{"x":0.04257718101143837,"y":-0.20357561111450196,"z":0.008840017952024937,"w":0.9781050086021423},"size":6.116757869720459,"orthographic":true}