{"cameraMode":{"drawMode":0,"name":"Shaded","section":"Shading Mode"},"sceneLighting":true,"audioPlay":false,"sceneViewState":{"showFog":false,"showMaterialUpdate":false,"showSkybox":false,"showFlares":true,"showImageEffects":true,"showParticleSystems":true},"in2DMode":false,"pivot":{"x":456.1606750488281,"y":8.806392669677735,"z":644.4635009765625},"rotation":{"x":0.2558634579181671,"y":0.4640844762325287,"z":-0.1420620232820511,"w":0.836069643497467},"size":420.6830139160156,"orthographic":true}