{"cameraMode":{"drawMode":0,"name":"Shaded","section":"Shading Mode"},"sceneLighting":false,"audioPlay":false,"sceneViewState":{"showFog":false,"showMaterialUpdate":false,"showSkybox":false,"showFlares":true,"showImageEffects":true,"showParticleSystems":true},"in2DMode":false,"pivot":{"x":-0.007649868726730347,"y":0.4103037714958191,"z":0.000005647540092468262},"rotation":{"x":-0.13483692705631257,"y":0.8589115142822266,"z":-0.28903546929359438,"w":-0.4006912112236023},"size":1.6325770616531373,"orthographic":false}