{"cameraMode":{"drawMode":0,"name":"Shaded","section":"Shading Mode"},"sceneLighting":false,"audioPlay":false,"sceneViewState":{"showFog":false,"showMaterialUpdate":false,"showSkybox":false,"showFlares":true,"showImageEffects":true,"showParticleSystems":true},"in2DMode":false,"pivot":{"x":0.026173710823059083,"y":0.15291976928710938,"z":0.0},"rotation":{"x":0.38017717003822329,"y":-0.1737733781337738,"z":0.07295864820480347,"w":0.9055081605911255},"size":1.0428602695465088,"orthographic":false}