{"cameraMode":{"drawMode":0,"name":"Shaded","section":"Shading Mode"},"sceneLighting":false,"audioPlay":false,"sceneViewState":{"showFog":false,"showMaterialUpdate":false,"showSkybox":false,"showFlares":true,"showImageEffects":true,"showParticleSystems":true},"in2DMode":false,"pivot":{"x":0.000011336058378219604,"y":0.003950641956180334,"z":0.00011147279292345047},"rotation":{"x":0.38017717003822329,"y":-0.1737733781337738,"z":0.07295864820480347,"w":0.9055081605911255},"size":0.03928864747285843,"orthographic":false}