{"cameraMode":{"drawMode":0,"name":"Shaded","section":"Shading Mode"},"sceneLighting":true,"audioPlay":false,"sceneViewState":{"showFog":false,"showMaterialUpdate":false,"showSkybox":false,"showFlares":true,"showImageEffects":true,"showParticleSystems":true},"in2DMode":false,"pivot":{"x":2.57411527633667,"y":2.743370771408081,"z":-7.048380374908447},"rotation":{"x":-0.02833416685461998,"y":0.893354058265686,"z":-0.056902799755334857,"w":-0.4448375999927521},"size":6.315358638763428,"orthographic":false}