{"cameraMode":{"drawMode":0,"name":"Shaded","section":"Shading Mode"},"sceneLighting":true,"audioPlay":false,"sceneViewState":{"showFog":false,"showMaterialUpdate":false,"showSkybox":false,"showFlares":true,"showImageEffects":true,"showParticleSystems":true},"in2DMode":false,"pivot":{"x":441.4615478515625,"y":-455.25433349609377,"z":1313.3912353515625},"rotation":{"x":0.4461611211299896,"y":-0.15695339441299439,"z":0.0798056423664093,"w":0.8774629235267639},"size":3173.5068359375,"orthographic":false}