{"cameraMode":{"drawMode":0,"name":"Shaded","section":"Shading Mode"},"sceneLighting":false,"audioPlay":false,"sceneViewState":{"showFog":false,"showMaterialUpdate":false,"showSkybox":false,"showFlares":true,"showImageEffects":true,"showParticleSystems":true},"in2DMode":false,"pivot":{"x":-0.11270010471343994,"y":0.14236387610435487,"z":-0.07646098732948303},"rotation":{"x":-0.13483692705631257,"y":0.8589115142822266,"z":-0.28903546929359438,"w":-0.4006912112236023},"size":0.9968191385269165,"orthographic":false}