{"cameraMode":{"drawMode":0,"name":"Shaded","section":"Shading Mode"},"sceneLighting":false,"audioPlay":false,"sceneViewState":{"showFog":false,"showMaterialUpdate":false,"showSkybox":false,"showFlares":true,"showImageEffects":true,"showParticleSystems":true},"in2DMode":false,"pivot":{"x":-1.8711273670196534,"y":1.5548841953277588,"z":0.27669620513916018},"rotation":{"x":0.2431402951478958,"y":0.24974220991134644,"z":-0.06494073569774628,"w":0.9350394010543823},"size":7.0004048347473148,"orthographic":false}