{"cameraMode":{"drawMode":0,"name":"Shaded","section":"Shading Mode"},"sceneLighting":false,"audioPlay":false,"sceneViewState":{"showFog":false,"showMaterialUpdate":false,"showSkybox":false,"showFlares":true,"showImageEffects":true,"showParticleSystems":true},"in2DMode":false,"pivot":{"x":-2.1173791885375978,"y":-0.273982971906662,"z":3.5769968032836916},"rotation":{"x":0.10477698594331742,"y":-0.023865528404712678,"z":0.0025151302106678488,"w":0.994205892086029},"size":7.326992511749268,"orthographic":false}