{"cameraMode":{"drawMode":0,"name":"Shaded","section":"Shading Mode"},"sceneLighting":false,"audioPlay":false,"sceneViewState":{"showFog":false,"showMaterialUpdate":false,"showSkybox":false,"showFlares":true,"showImageEffects":true,"showParticleSystems":true},"in2DMode":false,"pivot":{"x":-0.014443069696426392,"y":-0.1788794994354248,"z":-0.35030853748321535},"rotation":{"x":0.035438407212495807,"y":0.9343104958534241,"z":-0.34116604924201968,"w":0.09704908728599549},"size":2.0426113605499269,"orthographic":false}