{"cameraMode":{"drawMode":0,"name":"Shaded","section":"Shading Mode"},"sceneLighting":false,"audioPlay":false,"sceneViewState":{"showFog":false,"showMaterialUpdate":false,"showSkybox":false,"showFlares":true,"showImageEffects":true,"showParticleSystems":true},"in2DMode":false,"pivot":{"x":-0.7356610298156738,"y":0.7757388353347778,"z":-0.940068244934082},"rotation":{"x":-0.048023976385593417,"y":0.8991843461990356,"z":-0.10214249044656754,"w":-0.42276808619499209},"size":7.006316184997559,"orthographic":false}