{"cameraMode":{"drawMode":0,"name":"Shaded","section":"Shading Mode"},"sceneLighting":true,"audioPlay":false,"sceneViewState":{"showFog":false,"showMaterialUpdate":false,"showSkybox":false,"showFlares":true,"showImageEffects":true,"showParticleSystems":true},"in2DMode":false,"pivot":{"x":-917.1060791015625,"y":131.00244140625,"z":-247.5839080810547},"rotation":{"x":-0.004858046304434538,"y":0.30323854088783266,"z":-0.0015456631081178785,"w":-0.9529047608375549},"size":37.20139694213867,"orthographic":false}