{"cameraMode":{"drawMode":0,"name":"Shaded","section":"Shading Mode"},"sceneLighting":false,"audioPlay":false,"sceneViewState":{"showFog":false,"showMaterialUpdate":false,"showSkybox":false,"showFlares":true,"showImageEffects":true,"showParticleSystems":true},"in2DMode":false,"pivot":{"x":0.0,"y":0.3012979328632355,"z":-0.004423975944519043},"rotation":{"x":-0.027523856610059739,"y":0.8699076771736145,"z":-0.04886148124933243,"w":-0.49002090096473696},"size":4.243760585784912,"orthographic":false}