{"cameraMode":{"drawMode":0,"name":"Shaded","section":"Shading Mode"},"sceneLighting":false,"audioPlay":false,"sceneViewState":{"showFog":false,"showMaterialUpdate":false,"showSkybox":false,"showFlares":true,"showImageEffects":true,"showParticleSystems":true},"in2DMode":false,"pivot":{"x":-12.69858169555664,"y":5.129402160644531,"z":-0.9169197082519531},"rotation":{"x":-0.26756128668785097,"y":-0.22766461968421937,"z":0.0652206614613533,"w":-0.9339879155158997},"size":43.26683807373047,"orthographic":false}