{"cameraMode":{"drawMode":0,"name":"Shaded","section":"Shading Mode"},"sceneLighting":false,"audioPlay":false,"sceneViewState":{"showFog":false,"showMaterialUpdate":false,"showSkybox":false,"showFlares":true,"showImageEffects":true,"showParticleSystems":true},"in2DMode":false,"pivot":{"x":0.0,"y":0.44082382321357729,"z":0.02795618772506714},"rotation":{"x":-0.07010103762149811,"y":0.9176173806190491,"z":-0.18726171553134919,"w":-0.34350842237472536},"size":3.0093884468078615,"orthographic":false}