{"cameraMode":{"drawMode":0,"name":"Shaded","section":"Shading Mode"},"sceneLighting":false,"audioPlay":false,"sceneViewState":{"showFog":false,"showMaterialUpdate":false,"showSkybox":false,"showFlares":true,"showImageEffects":true,"showParticleSystems":true},"in2DMode":false,"pivot":{"x":-0.3448219299316406,"y":-2.9050285816192629,"z":-0.7876110076904297},"rotation":{"x":0.3860570788383484,"y":0.04701519012451172,"z":-0.019705962389707567,"w":0.921066403388977},"size":93.33809661865235,"orthographic":true}