{"cameraMode":{"drawMode":0,"name":"Shaded","section":"Shading Mode"},"sceneLighting":false,"audioPlay":false,"sceneViewState":{"showFog":false,"showMaterialUpdate":false,"showSkybox":false,"showFlares":true,"showImageEffects":true,"showParticleSystems":true},"in2DMode":false,"pivot":{"x":-0.014607518911361695,"y":0.7167195081710815,"z":-0.043121337890625},"rotation":{"x":0.1911853402853012,"y":0.5771918296813965,"z":-0.14124856889247895,"w":0.7812525629997253},"size":4.179449558258057,"orthographic":false}