{"cameraMode":{"drawMode":0,"name":"Shaded","section":"Shading Mode"},"sceneLighting":false,"audioPlay":false,"sceneViewState":{"showFog":false,"showMaterialUpdate":false,"showSkybox":false,"showFlares":true,"showImageEffects":true,"showParticleSystems":true},"in2DMode":false,"pivot":{"x":-0.01508629322052002,"y":0.33507800102233889,"z":-1.4901161193847657e-8},"rotation":{"x":0.10736100375652313,"y":-0.36105769872665408,"z":0.041888587176799777,"w":0.9253953695297241},"size":1.3948570489883423,"orthographic":false}