{"cameraMode":{"drawMode":0,"name":"Shaded","section":"Shading Mode"},"sceneLighting":false,"audioPlay":false,"sceneViewState":{"showFog":false,"showMaterialUpdate":false,"showSkybox":false,"showFlares":true,"showImageEffects":true,"showParticleSystems":true},"in2DMode":false,"pivot":{"x":0.006421476602554321,"y":0.3838143050670624,"z":0.02936685085296631},"rotation":{"x":0.41392093896865847,"y":0.265078067779541,"z":-0.12736082077026368,"w":0.8615002632141113},"size":2.14138126373291,"orthographic":false}