{"cameraMode":{"drawMode":0,"name":"Shaded","section":"Shading Mode"},"sceneLighting":false,"audioPlay":false,"sceneViewState":{"showFog":false,"showMaterialUpdate":false,"showSkybox":false,"showFlares":true,"showImageEffects":true,"showParticleSystems":true},"in2DMode":false,"pivot":{"x":-0.1000000387430191,"y":0.7999997138977051,"z":0.9999999403953552},"rotation":{"x":0.1190064400434494,"y":-0.3660264015197754,"z":0.04725760221481323,"w":0.9217590689659119},"size":3.2206711769104006,"orthographic":true}