{"cameraMode":{"drawMode":0,"name":"Shaded","section":"Shading Mode"},"sceneLighting":false,"audioPlay":false,"sceneViewState":{"showFog":false,"showMaterialUpdate":false,"showSkybox":false,"showFlares":true,"showImageEffects":true,"showParticleSystems":true},"in2DMode":false,"pivot":{"x":1.054978370666504,"y":-2.64613676071167,"z":-3.367074966430664},"rotation":{"x":-0.020680062472820283,"y":0.970540463924408,"z":-0.22244904935359956,"w":-0.09022676944732666},"size":23.334524154663087,"orthographic":false}