{"cameraMode":{"drawMode":0,"name":"Shaded","section":"Shading Mode"},"sceneLighting":false,"audioPlay":false,"sceneViewState":{"showFog":false,"showMaterialUpdate":false,"showSkybox":false,"showFlares":true,"showImageEffects":true,"showParticleSystems":true},"in2DMode":false,"pivot":{"x":-0.004400849342346191,"y":0.3990090489387512,"z":-0.0033767372369766237},"rotation":{"x":0.21694247424602509,"y":0.37171587347984316,"z":-0.08978406339883805,"w":0.8981660008430481},"size":1.225105881690979,"orthographic":false}