{"cameraMode":{"drawMode":0,"name":"Shaded","section":"Shading Mode"},"sceneLighting":false,"audioPlay":false,"sceneViewState":{"showFog":false,"showMaterialUpdate":false,"showSkybox":false,"showFlares":true,"showImageEffects":true,"showParticleSystems":true},"in2DMode":false,"pivot":{"x":-0.006664544343948364,"y":-0.09541413187980652,"z":-0.10259724408388138},"rotation":{"x":-0.11908768117427826,"y":0.8574855923652649,"z":-0.22958867251873017,"w":-0.44478166103363039},"size":0.24574905633926392,"orthographic":false}