{"cameraMode":{"drawMode":0,"name":"Shaded","section":"Shading Mode"},"sceneLighting":false,"audioPlay":false,"sceneViewState":{"showFog":false,"showMaterialUpdate":false,"showSkybox":false,"showFlares":true,"showImageEffects":true,"showParticleSystems":true},"in2DMode":false,"pivot":{"x":0.17832374572753907,"y":0.958450198173523,"z":0.19713068008422852},"rotation":{"x":0.1065049096941948,"y":0.8377794027328491,"z":-0.17647385597229005,"w":0.5056141018867493},"size":2.9442944526672365,"orthographic":false}