{"cameraMode":{"drawMode":0,"name":"Shaded","section":"Shading Mode"},"sceneLighting":false,"audioPlay":false,"sceneViewState":{"showFog":false,"showMaterialUpdate":false,"showSkybox":false,"showFlares":true,"showImageEffects":true,"showParticleSystems":true},"in2DMode":false,"pivot":{"x":1.255115032196045,"y":-0.7822284698486328,"z":7.20869779586792},"rotation":{"x":-0.326755553483963,"y":0.23118896782398225,"z":-0.08277254551649094,"w":-0.9126510620117188},"size":17.70736312866211,"orthographic":false}