{"cameraMode":{"drawMode":0,"name":"Shaded","section":"Shading Mode"},"sceneLighting":false,"audioPlay":false,"sceneViewState":{"showFog":false,"showMaterialUpdate":false,"showSkybox":false,"showFlares":true,"showImageEffects":true,"showParticleSystems":true},"in2DMode":false,"pivot":{"x":0.021618425846099855,"y":-0.11932164430618286,"z":-0.11091360449790955},"rotation":{"x":-0.11017193645238877,"y":0.8895626068115234,"z":-0.32482653856277468,"w":-0.30171746015548708},"size":0.9952110052108765,"orthographic":false}