{"cameraMode":{"drawMode":0,"name":"Shaded","section":"Shading Mode"},"sceneLighting":true,"audioPlay":false,"sceneViewState":{"showFog":false,"showMaterialUpdate":false,"showSkybox":false,"showFlares":true,"showImageEffects":true,"showParticleSystems":true},"in2DMode":false,"pivot":{"x":535.7517700195313,"y":-171.6641845703125,"z":914.3988037109375},"rotation":{"x":0.5337009429931641,"y":-0.4611630439758301,"z":0.4480709731578827,"w":0.5492953062057495},"size":1666.6671142578125,"orthographic":false}