{"cameraMode":{"drawMode":0,"name":"Shaded","section":"Shading Mode"},"sceneLighting":false,"audioPlay":false,"sceneViewState":{"showFog":false,"showMaterialUpdate":false,"showSkybox":false,"showFlares":true,"showImageEffects":true,"showParticleSystems":true},"in2DMode":false,"pivot":{"x":0.6400975584983826,"y":-0.08635950088500977,"z":0.4826623499393463},"rotation":{"x":0.34599143266677859,"y":0.5034357905387878,"z":-0.2299109548330307,"w":0.757617712020874},"size":2.711310863494873,"orthographic":false}