{"cameraMode":{"drawMode":0,"name":"Shaded","section":"Shading Mode"},"sceneLighting":false,"audioPlay":false,"sceneViewState":{"showFog":false,"showMaterialUpdate":false,"showSkybox":false,"showFlares":true,"showImageEffects":true,"showParticleSystems":true},"in2DMode":false,"pivot":{"x":0.25,"y":1.4999996423721314,"z":-0.2499997615814209},"rotation":{"x":0.03102213703095913,"y":-0.842748761177063,"z":0.048847708851099017,"w":0.5351898074150086},"size":7.650734901428223,"orthographic":true}