{"cameraMode":{"drawMode":0,"name":"Shaded","section":"Shading Mode"},"sceneLighting":false,"audioPlay":false,"sceneViewState":{"showFog":false,"showMaterialUpdate":false,"showSkybox":false,"showFlares":true,"showImageEffects":true,"showParticleSystems":true},"in2DMode":false,"pivot":{"x":-1.5000001192092896,"y":0.010174102149903775,"z":-1.5},"rotation":{"x":0.2431402951478958,"y":0.24974220991134644,"z":-0.06494073569774628,"w":0.9350394010543823},"size":7.000438213348389,"orthographic":false}