{"cameraMode":{"drawMode":0,"name":"Shaded","section":"Shading Mode"},"sceneLighting":false,"audioPlay":false,"sceneViewState":{"showFog":false,"showMaterialUpdate":false,"showSkybox":false,"showFlares":true,"showImageEffects":true,"showParticleSystems":true},"in2DMode":false,"pivot":{"x":-1.6796150207519532,"y":-0.4658501148223877,"z":-1.8977489471435547},"rotation":{"x":0.005687563214451075,"y":0.963470458984375,"z":-0.2669694125652313,"w":0.02052599936723709},"size":7.386398792266846,"orthographic":false}