{"cameraMode":{"drawMode":0,"name":"Shaded","section":"Shading Mode"},"sceneLighting":false,"audioPlay":false,"sceneViewState":{"showFog":false,"showMaterialUpdate":false,"showSkybox":false,"showFlares":true,"showImageEffects":true,"showParticleSystems":true},"in2DMode":false,"pivot":{"x":-0.03279083967208862,"y":0.6266900300979614,"z":0.02068430185317993},"rotation":{"x":0.009146916680037976,"y":-0.9331419467926025,"z":0.023800157010555269,"w":0.3586055338382721},"size":2.6727774143218996,"orthographic":true}