{"cameraMode":{"drawMode":0,"name":"Shaded","section":"Shading Mode"},"sceneLighting":true,"audioPlay":false,"sceneViewState":{"showFog":false,"showMaterialUpdate":false,"showSkybox":false,"showFlares":true,"showImageEffects":true,"showParticleSystems":true},"in2DMode":false,"pivot":{"x":4.125507354736328,"y":-62.693260192871097,"z":-27.0860652923584},"rotation":{"x":-0.4397420287132263,"y":0.13669034838676454,"z":-0.06794783473014832,"w":-0.8851278424263},"size":367.38507080078127,"orthographic":true}