{"cameraMode":{"drawMode":0,"name":"Shaded","section":"Shading Mode"},"sceneLighting":false,"audioPlay":false,"sceneViewState":{"showFog":false,"showMaterialUpdate":false,"showSkybox":false,"showFlares":true,"showImageEffects":true,"showParticleSystems":true},"in2DMode":false,"pivot":{"x":1.1175870895385743e-8,"y":0.0,"z":0.009928238578140736},"rotation":{"x":-0.03028113581240177,"y":0.8644871711730957,"z":-0.05246051773428917,"w":-0.4989965558052063},"size":0.1338055282831192,"orthographic":false}