{"cameraMode":{"drawMode":0,"name":"Shaded","section":"Shading Mode"},"sceneLighting":false,"audioPlay":false,"sceneViewState":{"showFog":false,"showMaterialUpdate":false,"showSkybox":false,"showFlares":true,"showImageEffects":true,"showParticleSystems":true},"in2DMode":false,"pivot":{"x":-0.09907341003417969,"y":0.8354004621505737,"z":-0.3216157555580139},"rotation":{"x":-0.11300315707921982,"y":0.8663861155509949,"z":-0.2277984619140625,"w":-0.42978835105895998},"size":2.092008113861084,"orthographic":false}