{"cameraMode":{"drawMode":0,"name":"Shaded","section":"Shading Mode"},"sceneLighting":false,"audioPlay":false,"sceneViewState":{"showFog":false,"showMaterialUpdate":false,"showSkybox":false,"showFlares":true,"showImageEffects":true,"showParticleSystems":true},"in2DMode":false,"pivot":{"x":66.5999984741211,"y":-8.400001525878907,"z":835.2000122070313},"rotation":{"x":0.1266855150461197,"y":0.5675854086875916,"z":-0.08891654759645462,"w":0.8086417317390442},"size":204.8426971435547,"orthographic":false}