{"cameraMode":{"drawMode":0,"name":"Shaded","section":"Shading Mode"},"sceneLighting":false,"audioPlay":false,"sceneViewState":{"showFog":false,"showMaterialUpdate":false,"showSkybox":false,"showFlares":true,"showImageEffects":true,"showParticleSystems":true},"in2DMode":false,"pivot":{"x":-0.2499999701976776,"y":0.4999999403953552,"z":-0.2499999701976776},"rotation":{"x":0.38300415873527529,"y":-0.4600304663181305,"z":0.22958457469940186,"w":0.7674468755722046},"size":6.062485694885254,"orthographic":true}