{"cameraMode":{"drawMode":0,"name":"Shaded","section":"Shading Mode"},"sceneLighting":false,"audioPlay":false,"sceneViewState":{"showFog":false,"showMaterialUpdate":false,"showSkybox":false,"showFlares":true,"showImageEffects":true,"showParticleSystems":true},"in2DMode":false,"pivot":{"x":0.0822339653968811,"y":-1.2153668403625489,"z":6.705522537231445e-8},"rotation":{"x":0.39286020398139956,"y":-0.38446280360221865,"z":0.1854315996170044,"w":0.8145348429679871},"size":1.196826696395874,"orthographic":true}