{"cameraMode":{"drawMode":0,"name":"Shaded","section":"Shading Mode"},"sceneLighting":true,"audioPlay":false,"sceneViewState":{"showFog":false,"showMaterialUpdate":false,"showSkybox":false,"showFlares":true,"showImageEffects":true,"showParticleSystems":true},"in2DMode":false,"pivot":{"x":-987.7000122070313,"y":56.099998474121097,"z":653.7000122070313},"rotation":{"x":0.07693001627922058,"y":0.6177587509155273,"z":-0.06110953539609909,"w":0.7803019881248474},"size":68.6117935180664,"orthographic":true}