{"cameraMode":{"drawMode":0,"name":"Shaded","section":"Shading Mode"},"sceneLighting":false,"audioPlay":false,"sceneViewState":{"showFog":false,"showMaterialUpdate":false,"showSkybox":false,"showFlares":true,"showImageEffects":true,"showParticleSystems":true},"in2DMode":false,"pivot":{"x":-1.91241455078125,"y":11.788198471069336,"z":2.0718915462493898},"rotation":{"x":-0.02833416685461998,"y":0.893354058265686,"z":-0.056902799755334857,"w":-0.4448375999927521},"size":57.78324508666992,"orthographic":false}