{"cameraMode":{"drawMode":0,"name":"Shaded","section":"Shading Mode"},"sceneLighting":true,"audioPlay":false,"sceneViewState":{"showFog":false,"showMaterialUpdate":false,"showSkybox":false,"showFlares":true,"showImageEffects":true,"showParticleSystems":true},"in2DMode":false,"pivot":{"x":113.44873046875,"y":-46.90900421142578,"z":103.72356414794922},"rotation":{"x":0.42551249265670779,"y":-0.5013377070426941,"z":0.31082868576049807,"w":0.6862977147102356},"size":336.02618408203127,"orthographic":true}