{"cameraMode":{"drawMode":0,"name":"Shaded","section":"Shading Mode"},"sceneLighting":false,"audioPlay":false,"sceneViewState":{"showFog":false,"showMaterialUpdate":false,"showSkybox":false,"showFlares":true,"showImageEffects":true,"showParticleSystems":true},"in2DMode":false,"pivot":{"x":-0.0797605812549591,"y":-0.09905555844306946,"z":0.00969889760017395},"rotation":{"x":0.21694247424602509,"y":0.37171587347984316,"z":-0.08978406339883805,"w":0.8981660008430481},"size":1.179011344909668,"orthographic":false}