{"cameraMode":{"drawMode":0,"name":"Shaded","section":"Shading Mode"},"sceneLighting":false,"audioPlay":false,"sceneViewState":{"showFog":false,"showMaterialUpdate":false,"showSkybox":false,"showFlares":true,"showImageEffects":true,"showParticleSystems":true},"in2DMode":false,"pivot":{"x":-1.7703349590301514,"y":0.9298069477081299,"z":-2.0407752990722658},"rotation":{"x":0.005702067632228136,"y":0.983291506767273,"z":-0.1792435646057129,"w":0.03128015995025635},"size":8.446484565734864,"orthographic":false}