{"cameraMode":{"drawMode":0,"name":"Shaded","section":"Shading Mode"},"sceneLighting":false,"audioPlay":false,"sceneViewState":{"showFog":false,"showMaterialUpdate":false,"showSkybox":false,"showFlares":true,"showImageEffects":true,"showParticleSystems":true},"in2DMode":false,"pivot":{"x":-0.0004482269287109375,"y":0.0794999971985817,"z":-15.060504913330079},"rotation":{"x":0.0632142648100853,"y":-0.9333111047744751,"z":0.20479002594947816,"w":0.28809159994125368},"size":111.30628967285156,"orthographic":true}