{"cameraMode":{"drawMode":0,"name":"Shaded","section":"Shading Mode"},"sceneLighting":false,"audioPlay":false,"sceneViewState":{"showFog":false,"showMaterialUpdate":false,"showSkybox":false,"showFlares":true,"showImageEffects":true,"showParticleSystems":true},"in2DMode":false,"pivot":{"x":6.528534412384033,"y":1.6660866737365723,"z":5.635321617126465},"rotation":{"x":-0.20203809440135957,"y":0.07278793305158615,"z":-0.015057364478707314,"w":-0.9765588641166687},"size":13.774269104003907,"orthographic":false}