{"cameraMode":{"drawMode":0,"name":"Shaded","section":"Shading Mode"},"sceneLighting":false,"audioPlay":false,"sceneViewState":{"showFog":false,"showMaterialUpdate":false,"showSkybox":false,"showFlares":true,"showImageEffects":true,"showParticleSystems":true},"in2DMode":false,"pivot":{"x":30.89484405517578,"y":5.352752685546875,"z":-9.353551864624024},"rotation":{"x":-0.036968130618333819,"y":0.9601541757583618,"z":-0.15426909923553468,"w":-0.23008577525615693},"size":20.334835052490236,"orthographic":false}