{"cameraMode":{"drawMode":0,"name":"Shaded","section":"Shading Mode"},"sceneLighting":true,"audioPlay":false,"sceneViewState":{"showFog":false,"showMaterialUpdate":false,"showSkybox":false,"showFlares":true,"showImageEffects":true,"showParticleSystems":true},"in2DMode":false,"pivot":{"x":-1402.1451416015625,"y":2276.373046875,"z":-584.509033203125},"rotation":{"x":-0.07433217763900757,"y":0.7491334080696106,"z":-0.0853162556886673,"w":-0.6526843309402466},"size":3795.279541015625,"orthographic":false}