{"cameraMode":{"drawMode":0,"name":"Shaded","section":"Shading Mode"},"sceneLighting":false,"audioPlay":false,"sceneViewState":{"showFog":false,"showMaterialUpdate":false,"showSkybox":false,"showFlares":true,"showImageEffects":true,"showParticleSystems":true},"in2DMode":false,"pivot":{"x":0.0,"y":0.11693958938121796,"z":-0.0014472752809524537},"rotation":{"x":0.20782874524593354,"y":0.7667648792266846,"z":-0.30261459946632388,"w":0.5265964865684509},"size":0.6394074559211731,"orthographic":false}