{"cameraMode":{"drawMode":0,"name":"Shaded","section":"Shading Mode"},"sceneLighting":false,"audioPlay":false,"sceneViewState":{"showFog":false,"showMaterialUpdate":false,"showSkybox":false,"showFlares":true,"showImageEffects":true,"showParticleSystems":true},"in2DMode":false,"pivot":{"x":6.251052379608154,"y":2.7679343223571779,"z":-0.6619844436645508},"rotation":{"x":-0.012529782019555569,"y":0.9820558428764343,"z":-0.17445601522922517,"w":-0.07053335756063461},"size":9.557546615600586,"orthographic":false}