{"cameraMode":{"drawMode":0,"name":"Shaded","section":"Shading Mode"},"sceneLighting":false,"audioPlay":false,"sceneViewState":{"showFog":false,"showMaterialUpdate":false,"showSkybox":false,"showFlares":true,"showImageEffects":true,"showParticleSystems":true},"in2DMode":false,"pivot":{"x":-1.1523571014404297,"y":0.7761744260787964,"z":-0.05102181434631348},"rotation":{"x":-0.005087549332529306,"y":0.9817227125167847,"z":-0.18840736150741578,"w":-0.02651161514222622},"size":3.23728084564209,"orthographic":false}