{"cameraMode":{"drawMode":0,"name":"Shaded","section":"Shading Mode"},"sceneLighting":true,"audioPlay":false,"sceneViewState":{"showFog":false,"showMaterialUpdate":false,"showSkybox":false,"showFlares":true,"showImageEffects":true,"showParticleSystems":true},"in2DMode":false,"pivot":{"x":-2065.99609375,"y":2927.8798828125,"z":-2852.196044921875},"rotation":{"x":0.25668206810951235,"y":-0.0992380753159523,"z":0.026505837216973306,"w":0.9610225558280945},"size":560.84423828125,"orthographic":false}