{"cameraMode":{"drawMode":0,"name":"Shaded","section":"Shading Mode"},"sceneLighting":false,"audioPlay":false,"sceneViewState":{"showFog":false,"showMaterialUpdate":false,"showSkybox":false,"showFlares":true,"showImageEffects":true,"showParticleSystems":true},"in2DMode":false,"pivot":{"x":0.0,"y":1.148146390914917,"z":0.028115734457969667},"rotation":{"x":-0.0936865583062172,"y":0.8702481985092163,"z":-0.18195059895515443,"w":-0.4480937123298645},"size":4.469424247741699,"orthographic":false}