{"cameraMode":{"drawMode":0,"name":"Shaded","section":"Shading Mode"},"sceneLighting":false,"audioPlay":false,"sceneViewState":{"showFog":false,"showMaterialUpdate":false,"showSkybox":false,"showFlares":true,"showImageEffects":true,"showParticleSystems":true},"in2DMode":false,"pivot":{"x":0.46568727493286135,"y":0.8883333206176758,"z":-1.8261241912841797},"rotation":{"x":-0.09378073364496231,"y":0.8514849543571472,"z":-0.16314807534217835,"w":-0.48945116996765139},"size":6.4562788009643559,"orthographic":false}