{"cameraMode":{"drawMode":0,"name":"Shaded","section":"Shading Mode"},"sceneLighting":false,"audioPlay":false,"sceneViewState":{"showFog":false,"showMaterialUpdate":false,"showSkybox":false,"showFlares":true,"showImageEffects":true,"showParticleSystems":true},"in2DMode":false,"pivot":{"x":-0.21166276931762696,"y":-0.5104391574859619,"z":1.083351731300354},"rotation":{"x":-0.19427786767482758,"y":0.30772164463996889,"z":-0.06433811038732529,"w":-0.9292089939117432},"size":2.757115602493286,"orthographic":false}