{"cameraMode":{"drawMode":0,"name":"Shaded","section":"Shading Mode"},"sceneLighting":false,"audioPlay":false,"sceneViewState":{"showFog":false,"showMaterialUpdate":false,"showSkybox":false,"showFlares":true,"showImageEffects":true,"showParticleSystems":true},"in2DMode":false,"pivot":{"x":0.5545225143432617,"y":1.0836864709854127,"z":-1.6754387617111207},"rotation":{"x":0.0452348068356514,"y":0.6069010496139526,"z":-0.034630876034498218,"w":0.7927334308624268},"size":2.5233676433563234,"orthographic":false}