{"cameraMode":{"drawMode":0,"name":"Shaded","section":"Shading Mode"},"sceneLighting":false,"audioPlay":false,"sceneViewState":{"showFog":false,"showMaterialUpdate":false,"showSkybox":false,"showFlares":true,"showImageEffects":true,"showParticleSystems":true},"in2DMode":false,"pivot":{"x":0.03686165809631348,"y":0.04731476306915283,"z":0.2987021207809448},"rotation":{"x":-0.09044700860977173,"y":0.9072156548500061,"z":-0.25431492924690249,"w":-0.3226511478424072},"size":1.2136552333831788,"orthographic":false}