{"cameraMode":{"drawMode":0,"name":"Shaded","section":"Shading Mode"},"sceneLighting":false,"audioPlay":false,"sceneViewState":{"showFog":false,"showMaterialUpdate":false,"showSkybox":false,"showFlares":true,"showImageEffects":true,"showParticleSystems":true},"in2DMode":false,"pivot":{"x":0.05699998140335083,"y":0.5,"z":0.4815383553504944},"rotation":{"x":0.21694247424602509,"y":0.37171587347984316,"z":-0.08978406339883805,"w":0.8981660008430481},"size":6.835562705993652,"orthographic":false}