{"cameraMode":{"drawMode":0,"name":"Shaded","section":"Shading Mode"},"sceneLighting":false,"audioPlay":false,"sceneViewState":{"showFog":false,"showMaterialUpdate":false,"showSkybox":false,"showFlares":true,"showImageEffects":true,"showParticleSystems":true},"in2DMode":false,"pivot":{"x":0.036417312920093539,"y":1.2043193578720093,"z":-1.0362439155578614},"rotation":{"x":-0.03782455623149872,"y":0.7820613980293274,"z":-0.04769406095147133,"w":-0.6202264428138733},"size":3.6106555461883547,"orthographic":false}