{"cameraMode":{"drawMode":0,"name":"Shaded","section":"Shading Mode"},"sceneLighting":true,"audioPlay":false,"sceneViewState":{"showFog":false,"showMaterialUpdate":false,"showSkybox":false,"showFlares":true,"showImageEffects":true,"showParticleSystems":true},"in2DMode":false,"pivot":{"x":-943.0826416015625,"y":68.74616241455078,"z":746.6348876953125},"rotation":{"x":0.007860520854592324,"y":0.9868819713592529,"z":-0.1530897468328476,"w":0.05066762492060661},"size":15.457015037536621,"orthographic":false}