{"cameraMode":{"drawMode":0,"name":"Shaded","section":"Shading Mode"},"sceneLighting":false,"audioPlay":false,"sceneViewState":{"showFog":false,"showMaterialUpdate":false,"showSkybox":false,"showFlares":true,"showImageEffects":true,"showParticleSystems":true},"in2DMode":false,"pivot":{"x":-3.471464157104492,"y":0.07133126258850098,"z":2.136605739593506},"rotation":{"x":-0.12903963029384614,"y":0.7908931374549866,"z":-0.17877814173698426,"w":-0.5708561539649963},"size":8.06334400177002,"orthographic":false}