{"cameraMode":{"drawMode":0,"name":"Shaded","section":"Shading Mode"},"sceneLighting":false,"audioPlay":false,"sceneViewState":{"showFog":false,"showMaterialUpdate":false,"showSkybox":false,"showFlares":true,"showImageEffects":true,"showParticleSystems":true},"in2DMode":false,"pivot":{"x":-0.07990266382694245,"y":0.1857820749282837,"z":0.03933417797088623},"rotation":{"x":0.028814734891057016,"y":0.9600903987884522,"z":-0.25643306970596316,"w":0.10788318514823914},"size":1.225105881690979,"orthographic":false}