{"cameraMode":{"drawMode":0,"name":"Shaded","section":"Shading Mode"},"sceneLighting":false,"audioPlay":false,"sceneViewState":{"showFog":false,"showMaterialUpdate":false,"showSkybox":false,"showFlares":true,"showImageEffects":true,"showParticleSystems":true},"in2DMode":false,"pivot":{"x":0.0,"y":-0.3999999761581421,"z":-2.499999523162842},"rotation":{"x":0.07955078780651093,"y":0.7749071717262268,"z":-0.09957920759916306,"w":0.6191064715385437},"size":10.621694564819336,"orthographic":false}