{"cameraMode":{"drawMode":0,"name":"Shaded","section":"Shading Mode"},"sceneLighting":false,"audioPlay":false,"sceneViewState":{"showFog":false,"showMaterialUpdate":false,"showSkybox":false,"showFlares":true,"showImageEffects":true,"showParticleSystems":true},"in2DMode":false,"pivot":{"x":-0.03279083967208862,"y":0.6266900300979614,"z":0.02068430185317993},"rotation":{"x":-0.03028113581240177,"y":0.8644871711730957,"z":-0.05246051773428917,"w":-0.4989965558052063},"size":2.6727774143218996,"orthographic":false}