{"cameraMode":{"drawMode":0,"name":"Shaded","section":"Shading Mode"},"sceneLighting":true,"audioPlay":false,"sceneViewState":{"showFog":false,"showMaterialUpdate":false,"showSkybox":false,"showFlares":true,"showImageEffects":true,"showParticleSystems":true},"in2DMode":false,"pivot":{"x":507.5450744628906,"y":272.3944091796875,"z":19.691390991210939},"rotation":{"x":0.19897103309631349,"y":-0.7004017233848572,"z":0.21383503079414369,"w":0.6512918472290039},"size":210.33511352539063,"orthographic":true}