{"cameraMode":{"drawMode":0,"name":"Shaded","section":"Shading Mode"},"sceneLighting":false,"audioPlay":false,"sceneViewState":{"showFog":false,"showMaterialUpdate":false,"showSkybox":false,"showFlares":true,"showImageEffects":true,"showParticleSystems":true},"in2DMode":false,"pivot":{"x":-0.5297342538833618,"y":0.2111194133758545,"z":-0.08849778771400452},"rotation":{"x":-0.22465550899505616,"y":-0.7703307867050171,"z":0.4690123498439789,"w":-0.3689853250980377},"size":1.7201189994812012,"orthographic":false}