{"cameraMode":{"drawMode":0,"name":"Shaded","section":"Shading Mode"},"sceneLighting":false,"audioPlay":false,"sceneViewState":{"showFog":false,"showMaterialUpdate":false,"showSkybox":false,"showFlares":true,"showImageEffects":true,"showParticleSystems":true},"in2DMode":false,"pivot":{"x":-0.00021669268608093262,"y":0.4376761019229889,"z":-0.02015596628189087},"rotation":{"x":0.20782874524593354,"y":0.7667648792266846,"z":-0.30261459946632388,"w":0.5265964865684509},"size":3.910431385040283,"orthographic":false}