{"cameraMode":{"drawMode":0,"name":"Shaded","section":"Shading Mode"},"sceneLighting":false,"audioPlay":false,"sceneViewState":{"showFog":false,"showMaterialUpdate":false,"showSkybox":false,"showFlares":true,"showImageEffects":true,"showParticleSystems":true},"in2DMode":false,"pivot":{"x":5.015860080718994,"y":3.5905237197875978,"z":3.323000907897949},"rotation":{"x":0.07955078780651093,"y":0.7749071717262268,"z":-0.09957920759916306,"w":0.6191064715385437},"size":28.842477798461915,"orthographic":false}