{"cameraMode":{"drawMode":0,"name":"Shaded","section":"Shading Mode"},"sceneLighting":false,"audioPlay":false,"sceneViewState":{"showFog":false,"showMaterialUpdate":false,"showSkybox":false,"showFlares":true,"showImageEffects":true,"showParticleSystems":true},"in2DMode":false,"pivot":{"x":0.1459456831216812,"y":-0.0532875657081604,"z":0.02623206377029419},"rotation":{"x":0.29670360684394839,"y":-0.6013831496238709,"z":0.25631752610206606,"w":0.6961378455162048},"size":1.966525673866272,"orthographic":false}