{"cameraMode":{"drawMode":0,"name":"Shaded","section":"Shading Mode"},"sceneLighting":false,"audioPlay":false,"sceneViewState":{"showFog":false,"showMaterialUpdate":false,"showSkybox":false,"showFlares":true,"showImageEffects":true,"showParticleSystems":true},"in2DMode":false,"pivot":{"x":0.27392578125,"y":0.68896484375,"z":-0.503173828125},"rotation":{"x":0.09657968580722809,"y":-0.566855788230896,"z":0.06714173406362534,"w":0.8153791427612305},"size":2.9315052032470705,"orthographic":true}