{"cameraMode":{"drawMode":0,"name":"Shaded","section":"Shading Mode"},"sceneLighting":false,"audioPlay":false,"sceneViewState":{"showFog":false,"showMaterialUpdate":false,"showSkybox":false,"showFlares":true,"showImageEffects":true,"showParticleSystems":true},"in2DMode":false,"pivot":{"x":-0.03577396273612976,"y":0.10098958015441895,"z":0.038460761308670047},"rotation":{"x":-0.027523856610059739,"y":0.8699076771736145,"z":-0.04886148124933243,"w":-0.49002090096473696},"size":0.5717133283615112,"orthographic":false}