{"cameraMode":{"drawMode":0,"name":"Shaded","section":"Shading Mode"},"sceneLighting":false,"audioPlay":false,"sceneViewState":{"showFog":false,"showMaterialUpdate":false,"showSkybox":false,"showFlares":true,"showImageEffects":true,"showParticleSystems":true},"in2DMode":false,"pivot":{"x":-0.04149966686964035,"y":-0.00016692781355232,"z":-0.05875237286090851},"rotation":{"x":0.3734644949436188,"y":0.2127661257982254,"z":-0.08842965960502625,"w":0.8985739350318909},"size":0.24497395753860475,"orthographic":false}