{"cameraMode":{"drawMode":0,"name":"Shaded","section":"Shading Mode"},"sceneLighting":false,"audioPlay":false,"sceneViewState":{"showFog":false,"showMaterialUpdate":false,"showSkybox":false,"showFlares":true,"showImageEffects":true,"showParticleSystems":true},"in2DMode":false,"pivot":{"x":-0.01508629322052002,"y":0.33507800102233889,"z":-1.4901161193847657e-8},"rotation":{"x":0.3734644949436188,"y":0.2127661257982254,"z":-0.08842965960502625,"w":0.8985739350318909},"size":1.3948570489883423,"orthographic":false}