{"cameraMode":{"drawMode":0,"name":"Shaded","section":"Shading Mode"},"sceneLighting":false,"audioPlay":false,"sceneViewState":{"showFog":false,"showMaterialUpdate":false,"showSkybox":false,"showFlares":true,"showImageEffects":true,"showParticleSystems":true},"in2DMode":false,"pivot":{"x":-0.17733734846115113,"y":-0.042609259486198428,"z":0.8309993147850037},"rotation":{"x":0.4177412688732147,"y":0.43484294414520266,"z":-0.23862622678279878,"w":0.76123046875},"size":3.602877378463745,"orthographic":false}