{"cameraMode":{"drawMode":0,"name":"Shaded","section":"Shading Mode"},"sceneLighting":false,"audioPlay":false,"sceneViewState":{"showFog":false,"showMaterialUpdate":false,"showSkybox":false,"showFlares":true,"showImageEffects":true,"showParticleSystems":true},"in2DMode":false,"pivot":{"x":1.9608218669891358,"y":0.6064492464065552,"z":-0.9530797004699707},"rotation":{"x":0.093970887362957,"y":0.8600293397903442,"z":-0.17148184776306153,"w":0.4712899625301361},"size":7.220932960510254,"orthographic":false}