{"cameraMode":{"drawMode":0,"name":"Shaded","section":"Shading Mode"},"sceneLighting":false,"audioPlay":false,"sceneViewState":{"showFog":false,"showMaterialUpdate":false,"showSkybox":false,"showFlares":true,"showImageEffects":true,"showParticleSystems":true},"in2DMode":false,"pivot":{"x":0.0,"y":0.6600223779678345,"z":0.28513801097869875},"rotation":{"x":-0.005087549332529306,"y":0.9817227125167847,"z":-0.18840736150741578,"w":-0.02651161514222622},"size":2.86942720413208,"orthographic":false}