{"cameraMode":{"drawMode":0,"name":"Shaded","section":"Shading Mode"},"sceneLighting":false,"audioPlay":false,"sceneViewState":{"showFog":false,"showMaterialUpdate":false,"showSkybox":false,"showFlares":true,"showImageEffects":true,"showParticleSystems":true},"in2DMode":false,"pivot":{"x":-1.1920928955078126e-7,"y":0.364261269569397,"z":0.0},"rotation":{"x":0.10736100375652313,"y":-0.36105769872665408,"z":0.041888587176799777,"w":0.9253953695297241},"size":4.41182804107666,"orthographic":false}