{"cameraMode":{"drawMode":0,"name":"Shaded","section":"Shading Mode"},"sceneLighting":false,"audioPlay":false,"sceneViewState":{"showFog":false,"showMaterialUpdate":false,"showSkybox":false,"showFlares":true,"showImageEffects":true,"showParticleSystems":true},"in2DMode":false,"pivot":{"x":3.1699955463409426,"y":0.4572230577468872,"z":-4.6199951171875},"rotation":{"x":0.2431402951478958,"y":0.24974220991134644,"z":-0.06494073569774628,"w":0.9350394010543823},"size":7.00045919418335,"orthographic":false}