{"cameraMode":{"drawMode":0,"name":"Shaded","section":"Shading Mode"},"sceneLighting":false,"audioPlay":false,"sceneViewState":{"showFog":false,"showMaterialUpdate":false,"showSkybox":false,"showFlares":true,"showImageEffects":true,"showParticleSystems":true},"in2DMode":false,"pivot":{"x":0.1934322565793991,"y":0.7079647183418274,"z":0.3419111967086792},"rotation":{"x":-0.042788904160261157,"y":0.9564856290817261,"z":-0.22224996984004975,"w":-0.18414859473705293},"size":1.738544225692749,"orthographic":false}