{"cameraMode":{"drawMode":0,"name":"Shaded","section":"Shading Mode"},"sceneLighting":true,"audioPlay":false,"sceneViewState":{"showFog":false,"showMaterialUpdate":false,"showSkybox":false,"showFlares":true,"showImageEffects":true,"showParticleSystems":true},"in2DMode":false,"pivot":{"x":128.08953857421876,"y":97.91629791259766,"z":88.20036315917969},"rotation":{"x":0.4171884059906006,"y":0.30582016706466677,"z":-0.1515771448612213,"w":0.8423254489898682},"size":285.70623779296877,"orthographic":true}