{"cameraMode":{"drawMode":0,"name":"Shaded","section":"Shading Mode"},"sceneLighting":false,"audioPlay":false,"sceneViewState":{"showFog":false,"showMaterialUpdate":false,"showSkybox":false,"showFlares":true,"showImageEffects":true,"showParticleSystems":true},"in2DMode":false,"pivot":{"x":-2.5331974029541018e-7,"y":0.5596617460250855,"z":-0.2537488043308258},"rotation":{"x":0.3734644949436188,"y":0.2127661257982254,"z":-0.08842965960502625,"w":0.8985739350318909},"size":1.448270320892334,"orthographic":false}