{"cameraMode":{"drawMode":0,"name":"Shaded","section":"Shading Mode"},"sceneLighting":false,"audioPlay":false,"sceneViewState":{"showFog":false,"showMaterialUpdate":false,"showSkybox":false,"showFlares":true,"showImageEffects":true,"showParticleSystems":true},"in2DMode":false,"pivot":{"x":0.2631704807281494,"y":2.269498109817505,"z":0.07493019104003906},"rotation":{"x":-0.15366457402706147,"y":0.05421667546033859,"z":-0.00844247080385685,"w":-0.9866043329238892},"size":8.303773880004883,"orthographic":false}