{"cameraMode":{"drawMode":0,"name":"Shaded","section":"Shading Mode"},"sceneLighting":false,"audioPlay":false,"sceneViewState":{"showFog":false,"showMaterialUpdate":false,"showSkybox":false,"showFlares":true,"showImageEffects":true,"showParticleSystems":true},"in2DMode":false,"pivot":{"x":3.1699955463409426,"y":0.4572230577468872,"z":-4.6199951171875},"rotation":{"x":0.01812460646033287,"y":-0.9081493020057678,"z":0.03952932730317116,"w":0.41638487577438357},"size":7.00045919418335,"orthographic":true}