{"cameraMode":{"drawMode":0,"name":"Shaded","section":"Shading Mode"},"sceneLighting":false,"audioPlay":false,"sceneViewState":{"showFog":false,"showMaterialUpdate":false,"showSkybox":false,"showFlares":true,"showImageEffects":true,"showParticleSystems":true},"in2DMode":false,"pivot":{"x":-0.016345620155334474,"y":1.4901161193847657e-8,"z":0.0},"rotation":{"x":0.20782874524593354,"y":0.7667648792266846,"z":-0.30261459946632388,"w":0.5265964865684509},"size":0.8764322996139526,"orthographic":false}