{"cameraMode":{"drawMode":0,"name":"Shaded","section":"Shading Mode"},"sceneLighting":false,"audioPlay":false,"sceneViewState":{"showFog":false,"showMaterialUpdate":false,"showSkybox":false,"showFlares":true,"showImageEffects":true,"showParticleSystems":true},"in2DMode":false,"pivot":{"x":-0.1000000536441803,"y":1.3999993801116944,"z":1.999999761581421},"rotation":{"x":0.406133234500885,"y":-0.20413483679294587,"z":0.09359575808048248,"w":0.8857924938201904},"size":8.063081741333008,"orthographic":true}