{"cameraMode":{"drawMode":0,"name":"Shaded","section":"Shading Mode"},"sceneLighting":false,"audioPlay":false,"sceneViewState":{"showFog":false,"showMaterialUpdate":false,"showSkybox":false,"showFlares":true,"showImageEffects":true,"showParticleSystems":true},"in2DMode":false,"pivot":{"x":1.1487410068511963,"y":0.9202785491943359,"z":-0.8967165946960449},"rotation":{"x":0.38017717003822329,"y":-0.1737733781337738,"z":0.07295864820480347,"w":0.9055081605911255},"size":5.982522487640381,"orthographic":false}