{"cameraMode":{"drawMode":0,"name":"Shaded","section":"Shading Mode"},"sceneLighting":true,"audioPlay":false,"sceneViewState":{"showFog":false,"showMaterialUpdate":false,"showSkybox":false,"showFlares":true,"showImageEffects":true,"showParticleSystems":true},"in2DMode":false,"pivot":{"x":-557.793701171875,"y":760.0731811523438,"z":27.82543182373047},"rotation":{"x":0.2257383018732071,"y":0.44707757234573367,"z":-0.1176934689283371,"w":0.8575080037117004},"size":498.03656005859377,"orthographic":true}