{"cameraMode":{"drawMode":0,"name":"Shaded","section":"Shading Mode"},"sceneLighting":false,"audioPlay":false,"sceneViewState":{"showFog":false,"showMaterialUpdate":false,"showSkybox":false,"showFlares":true,"showImageEffects":true,"showParticleSystems":true},"in2DMode":false,"pivot":{"x":0.5567303895950317,"y":0.08614349365234375,"z":0.09953868389129639},"rotation":{"x":-0.027523856610059739,"y":0.8699076771736145,"z":-0.04886148124933243,"w":-0.49002090096473696},"size":6.8692193031311039,"orthographic":false}