{"cameraMode":{"drawMode":0,"name":"Shaded","section":"Shading Mode"},"sceneLighting":false,"audioPlay":false,"sceneViewState":{"showFog":false,"showMaterialUpdate":false,"showSkybox":false,"showFlares":true,"showImageEffects":true,"showParticleSystems":true},"in2DMode":false,"pivot":{"x":-0.6906925439834595,"y":0.5098233222961426,"z":-1.5623480081558228},"rotation":{"x":0.13843084871768952,"y":0.593264639377594,"z":-0.10447116196155548,"w":0.7861049771308899},"size":1.3499987125396729,"orthographic":false}