{"cameraMode":{"drawMode":0,"name":"Shaded","section":"Shading Mode"},"sceneLighting":false,"audioPlay":false,"sceneViewState":{"showFog":false,"showMaterialUpdate":false,"showSkybox":false,"showFlares":true,"showImageEffects":true,"showParticleSystems":true},"in2DMode":false,"pivot":{"x":-0.0606921911239624,"y":-0.1623375117778778,"z":0.2784592807292938},"rotation":{"x":0.21694247424602509,"y":0.37171587347984316,"z":-0.08978406339883805,"w":0.8981660008430481},"size":2.4259414672851564,"orthographic":false}