{"cameraMode":{"drawMode":0,"name":"Shaded","section":"Shading Mode"},"sceneLighting":true,"audioPlay":false,"sceneViewState":{"showFog":false,"showMaterialUpdate":false,"showSkybox":false,"showFlares":true,"showImageEffects":true,"showParticleSystems":true},"in2DMode":false,"pivot":{"x":1299.917236328125,"y":-1740.6346435546875,"z":1538.9583740234375},"rotation":{"x":-0.3781242370605469,"y":-0.3823185861110687,"z":0.17529213428497315,"w":-0.8247017860412598},"size":2645.86328125,"orthographic":false}