{"cameraMode":{"drawMode":0,"name":"Shaded","section":"Shading Mode"},"sceneLighting":false,"audioPlay":false,"sceneViewState":{"showFog":false,"showMaterialUpdate":false,"showSkybox":false,"showFlares":true,"showImageEffects":true,"showParticleSystems":true},"in2DMode":false,"pivot":{"x":-1.7613075971603394,"y":0.7539058923721314,"z":-2.1422054767608644},"rotation":{"x":-0.0711999237537384,"y":0.8995701670646668,"z":-0.1600814163684845,"w":-0.40010419487953188},"size":7.000438213348389,"orthographic":false}