{"cameraMode":{"drawMode":0,"name":"Shaded","section":"Shading Mode"},"sceneLighting":false,"audioPlay":false,"sceneViewState":{"showFog":false,"showMaterialUpdate":false,"showSkybox":false,"showFlares":true,"showImageEffects":true,"showParticleSystems":true},"in2DMode":false,"pivot":{"x":-0.054514169692993167,"y":0.46765977144241335,"z":-0.05021357536315918},"rotation":{"x":0.1911853402853012,"y":0.5771918296813965,"z":-0.14124856889247895,"w":0.7812525629997253},"size":3.5449392795562746,"orthographic":false}