{"cameraMode":{"drawMode":0,"name":"Shaded","section":"Shading Mode"},"sceneLighting":false,"audioPlay":false,"sceneViewState":{"showFog":false,"showMaterialUpdate":false,"showSkybox":false,"showFlares":true,"showImageEffects":true,"showParticleSystems":true},"in2DMode":false,"pivot":{"x":0.0,"y":-2.9802322387695315e-8,"z":0.30192556977272036},"rotation":{"x":-0.03028113581240177,"y":0.8644871711730957,"z":-0.05246051773428917,"w":-0.4989965558052063},"size":1.363264560699463,"orthographic":false}