{"cameraMode":{"drawMode":0,"name":"Shaded","section":"Shading Mode"},"sceneLighting":false,"audioPlay":false,"sceneViewState":{"showFog":false,"showMaterialUpdate":false,"showSkybox":false,"showFlares":true,"showImageEffects":true,"showParticleSystems":true},"in2DMode":false,"pivot":{"x":0.4780696630477905,"y":-1.0979230403900147,"z":-0.5499721765518189},"rotation":{"x":-0.03045426681637764,"y":0.9338797926902771,"z":-0.0820268988609314,"w":-0.34672385454177859},"size":2.2033448219299318,"orthographic":false}