{"cameraMode":{"drawMode":0,"name":"Shaded","section":"Shading Mode"},"sceneLighting":true,"audioPlay":false,"sceneViewState":{"showFog":false,"showMaterialUpdate":false,"showSkybox":false,"showFlares":true,"showImageEffects":true,"showParticleSystems":true},"in2DMode":false,"pivot":{"x":162.017578125,"y":258.500732421875,"z":572.302978515625},"rotation":{"x":-0.2306160032749176,"y":0.7111711502075195,"z":-0.2703774571418762,"w":-0.6065873503684998},"size":1751.0980224609375,"orthographic":false}