{"cameraMode":{"drawMode":0,"name":"Shaded","section":"Shading Mode"},"sceneLighting":false,"audioPlay":false,"sceneViewState":{"showFog":false,"showMaterialUpdate":false,"showSkybox":false,"showFlares":true,"showImageEffects":true,"showParticleSystems":true},"in2DMode":false,"pivot":{"x":0.0924999862909317,"y":0.13191035389900208,"z":5.960464477539063e-8},"rotation":{"x":-0.02833416685461998,"y":0.893354058265686,"z":-0.056902799755334857,"w":-0.4448375999927521},"size":1.4211326837539673,"orthographic":false}