{"cameraMode":{"drawMode":0,"name":"Shaded","section":"Shading Mode"},"sceneLighting":false,"audioPlay":false,"sceneViewState":{"showFog":false,"showMaterialUpdate":false,"showSkybox":false,"showFlares":true,"showImageEffects":true,"showParticleSystems":true},"in2DMode":false,"pivot":{"x":-0.0788935124874115,"y":0.12686118483543397,"z":0.0},"rotation":{"x":0.38017717003822329,"y":-0.1737733781337738,"z":0.07295864820480347,"w":0.9055081605911255},"size":0.5590125322341919,"orthographic":false}