{"cameraMode":{"drawMode":0,"name":"Shaded","section":"Shading Mode"},"sceneLighting":false,"audioPlay":false,"sceneViewState":{"showFog":false,"showMaterialUpdate":false,"showSkybox":false,"showFlares":true,"showImageEffects":true,"showParticleSystems":true},"in2DMode":false,"pivot":{"x":-10.764106750488282,"y":27.892200469970704,"z":-5.768363952636719},"rotation":{"x":-0.037126220762729648,"y":0.9532448053359985,"z":-0.13123279809951783,"w":-0.26967620849609377},"size":114.26691436767578,"orthographic":false}