{"cameraMode":{"drawMode":0,"name":"Shaded","section":"Shading Mode"},"sceneLighting":false,"audioPlay":false,"sceneViewState":{"showFog":false,"showMaterialUpdate":false,"showSkybox":false,"showFlares":true,"showImageEffects":true,"showParticleSystems":true},"in2DMode":false,"pivot":{"x":1.7589998245239258,"y":2.314800262451172,"z":1.5869998931884766},"rotation":{"x":-0.06543910503387451,"y":0.9312109351158142,"z":-0.2093222737312317,"w":-0.29112017154693606},"size":40.010372161865237,"orthographic":false}