{"cameraMode":{"drawMode":0,"name":"Shaded","section":"Shading Mode"},"sceneLighting":false,"audioPlay":false,"sceneViewState":{"showFog":false,"showMaterialUpdate":false,"showSkybox":false,"showFlares":true,"showImageEffects":true,"showParticleSystems":true},"in2DMode":false,"pivot":{"x":-0.01242569088935852,"y":0.37508493661880495,"z":5.960464477539063e-8},"rotation":{"x":0.21694247424602509,"y":0.37171587347984316,"z":-0.08978406339883805,"w":0.8981660008430481},"size":2.5813026428222658,"orthographic":false}