{"cameraMode":{"drawMode":0,"name":"Shaded","section":"Shading Mode"},"sceneLighting":false,"audioPlay":false,"sceneViewState":{"showFog":false,"showMaterialUpdate":false,"showSkybox":false,"showFlares":true,"showImageEffects":true,"showParticleSystems":true},"in2DMode":false,"pivot":{"x":0.0,"y":0.43225735425949099,"z":0.016348421573638917},"rotation":{"x":0.41392093896865847,"y":0.265078067779541,"z":-0.12736082077026368,"w":0.8615002632141113},"size":1.8726674318313599,"orthographic":false}