{"cameraMode":{"drawMode":0,"name":"Shaded","section":"Shading Mode"},"sceneLighting":true,"audioPlay":false,"sceneViewState":{"showFog":false,"showMaterialUpdate":false,"showSkybox":false,"showFlares":true,"showImageEffects":true,"showParticleSystems":true},"in2DMode":false,"pivot":{"x":-2122.44091796875,"y":-215.494384765625,"z":835.5075073242188},"rotation":{"x":-0.41110366582870486,"y":0.029538147151470186,"z":-0.013321049511432648,"w":-0.9110211730003357},"size":823.1275024414063,"orthographic":false}