{"cameraMode":{"drawMode":0,"name":"Shaded","section":"Shading Mode"},"sceneLighting":true,"audioPlay":false,"sceneViewState":{"showFog":false,"showMaterialUpdate":false,"showSkybox":false,"showFlares":true,"showImageEffects":true,"showParticleSystems":true},"in2DMode":false,"pivot":{"x":557.5499877929688,"y":158.63601684570313,"z":0.0},"rotation":{"x":0.07354125380516052,"y":0.1359855830669403,"z":-0.9879945516586304,"w":0.010383638553321362},"size":904.5599975585938,"orthographic":true}