{"cameraMode":{"drawMode":0,"name":"Shaded","section":"Shading Mode"},"sceneLighting":false,"audioPlay":false,"sceneViewState":{"showFog":false,"showMaterialUpdate":false,"showSkybox":false,"showFlares":true,"showImageEffects":true,"showParticleSystems":true},"in2DMode":false,"pivot":{"x":-2.049912214279175,"y":2.201070785522461,"z":-0.9336093664169312},"rotation":{"x":-0.003228403627872467,"y":0.9966713190078735,"z":-0.049984730780124667,"w":-0.06437321752309799},"size":5.493825912475586,"orthographic":false}