{"cameraMode":{"drawMode":0,"name":"Shaded","section":"Shading Mode"},"sceneLighting":false,"audioPlay":false,"sceneViewState":{"showFog":false,"showMaterialUpdate":false,"showSkybox":false,"showFlares":true,"showImageEffects":true,"showParticleSystems":true},"in2DMode":false,"pivot":{"x":0.0924999862909317,"y":0.13191035389900208,"z":5.960464477539063e-8},"rotation":{"x":-0.07010103762149811,"y":0.9176173806190491,"z":-0.18726171553134919,"w":-0.34350842237472536},"size":1.4211326837539673,"orthographic":false}