{"cameraMode":{"drawMode":0,"name":"Shaded","section":"Shading Mode"},"sceneLighting":false,"audioPlay":false,"sceneViewState":{"showFog":false,"showMaterialUpdate":false,"showSkybox":false,"showFlares":true,"showImageEffects":true,"showParticleSystems":true},"in2DMode":false,"pivot":{"x":0.002319633960723877,"y":0.09195826947689057,"z":0.04295767843723297},"rotation":{"x":-0.005087549332529306,"y":0.9817227125167847,"z":-0.18840736150741578,"w":-0.02651161514222622},"size":0.7657650709152222,"orthographic":false}