{"cameraMode":{"drawMode":0,"name":"Shaded","section":"Shading Mode"},"sceneLighting":false,"audioPlay":false,"sceneViewState":{"showFog":false,"showMaterialUpdate":false,"showSkybox":false,"showFlares":true,"showImageEffects":true,"showParticleSystems":true},"in2DMode":false,"pivot":{"x":0.5567303895950317,"y":0.08614349365234375,"z":0.09953868389129639},"rotation":{"x":-0.07010103762149811,"y":0.9176173806190491,"z":-0.18726171553134919,"w":-0.34350842237472536},"size":6.8692193031311039,"orthographic":false}