{"cameraMode":{"drawMode":0,"name":"Shaded","section":"Shading Mode"},"sceneLighting":false,"audioPlay":false,"sceneViewState":{"showFog":false,"showMaterialUpdate":false,"showSkybox":false,"showFlares":true,"showImageEffects":true,"showParticleSystems":true},"in2DMode":false,"pivot":{"x":0.9392590522766113,"y":0.3944714069366455,"z":-1.9266655445098878},"rotation":{"x":0.4035494923591614,"y":0.19596797227859498,"z":-0.08892806619405747,"w":0.8892896175384522},"size":4.4825215339660648,"orthographic":false}