{"cameraMode":{"drawMode":0,"name":"Shaded","section":"Shading Mode"},"sceneLighting":false,"audioPlay":false,"sceneViewState":{"showFog":false,"showMaterialUpdate":false,"showSkybox":false,"showFlares":true,"showImageEffects":true,"showParticleSystems":true},"in2DMode":false,"pivot":{"x":-0.011605620384216309,"y":0.37729841470718386,"z":-0.0052297115325927738},"rotation":{"x":0.10736100375652313,"y":-0.36105769872665408,"z":0.041888587176799777,"w":0.9253953695297241},"size":1.7201189994812012,"orthographic":false}