{"cameraMode":{"drawMode":0,"name":"Shaded","section":"Shading Mode"},"sceneLighting":false,"audioPlay":false,"sceneViewState":{"showFog":false,"showMaterialUpdate":false,"showSkybox":false,"showFlares":true,"showImageEffects":true,"showParticleSystems":true},"in2DMode":false,"pivot":{"x":-0.07283896207809448,"y":0.5382620096206665,"z":0.08370256423950196},"rotation":{"x":0.1911853402853012,"y":0.5771918296813965,"z":-0.14124856889247895,"w":0.7812525629997253},"size":4.417954444885254,"orthographic":false}