{"cameraMode":{"drawMode":0,"name":"Shaded","section":"Shading Mode"},"sceneLighting":true,"audioPlay":false,"sceneViewState":{"showFog":false,"showMaterialUpdate":false,"showSkybox":false,"showFlares":true,"showImageEffects":true,"showParticleSystems":true},"in2DMode":false,"pivot":{"x":-662.0985107421875,"y":2433.6591796875,"z":-1223.7984619140625},"rotation":{"x":0.11707723885774613,"y":-0.8442579507827759,"z":0.20552876591682435,"w":0.4809217154979706},"size":844.6060180664063,"orthographic":false}