{"cameraMode":{"drawMode":0,"name":"Shaded","section":"Shading Mode"},"sceneLighting":false,"audioPlay":false,"sceneViewState":{"showFog":false,"showMaterialUpdate":false,"showSkybox":false,"showFlares":true,"showImageEffects":true,"showParticleSystems":true},"in2DMode":false,"pivot":{"x":0.2762550711631775,"y":0.22046883404254914,"z":-0.8188109397888184},"rotation":{"x":-0.0936865583062172,"y":0.8702481985092163,"z":-0.18195059895515443,"w":-0.4480937123298645},"size":4.666904449462891,"orthographic":false}