{"cameraMode":{"drawMode":0,"name":"Shaded","section":"Shading Mode"},"sceneLighting":false,"audioPlay":false,"sceneViewState":{"showFog":false,"showMaterialUpdate":false,"showSkybox":false,"showFlares":true,"showImageEffects":true,"showParticleSystems":true},"in2DMode":false,"pivot":{"x":1.7776888608932496,"y":1.8230940103530884,"z":1.5636725425720215},"rotation":{"x":0.015289727598428727,"y":0.050667695701122287,"z":-0.0007757270359434187,"w":0.9985995888710022},"size":8.932027816772461,"orthographic":false}