{"cameraMode":{"drawMode":0,"name":"Shaded","section":"Shading Mode"},"sceneLighting":false,"audioPlay":false,"sceneViewState":{"showFog":false,"showMaterialUpdate":false,"showSkybox":false,"showFlares":true,"showImageEffects":true,"showParticleSystems":true},"in2DMode":false,"pivot":{"x":35.23050308227539,"y":-4.11157751083374,"z":-12.370081901550293},"rotation":{"x":0.018428860232234,"y":0.9749084115028381,"z":-0.20352716743946076,"w":0.08827529102563858},"size":29.022890090942384,"orthographic":false}