{"cameraMode":{"drawMode":0,"name":"Shaded","section":"Shading Mode"},"sceneLighting":false,"audioPlay":false,"sceneViewState":{"showFog":false,"showMaterialUpdate":false,"showSkybox":false,"showFlares":true,"showImageEffects":true,"showParticleSystems":true},"in2DMode":false,"pivot":{"x":0.0,"y":0.7316588163375855,"z":0.08007875084877014},"rotation":{"x":-0.021968185901641847,"y":0.881977915763855,"z":-0.04131536930799484,"w":-0.4689638912677765},"size":3.506626605987549,"orthographic":false}